video_id,gt_name,gen_nodes,gt_nodes,gen_edges,gt_edges,svc_precision,svc_recall,svc_f1,edge_precision,edge_recall,edge_f1,edge_type_accuracy,graph_usable,scored_for_edges,exclusion_reason,categories
-3lnf5lzsH0,MakeMyTrip: Building Next Generation SOC,9,13,9,16,100.0,66.67,80.0,44.44,25.0,32.0,75.0,True,True,,data_ingestion
-S-R7MWRpaI,mimik: Hybrid Edge Cloud Leveraging AWS to Support Edge Microservice Mesh,10,8,9,11,71.43,71.43,71.43,33.33,27.27,30.0,100.0,True,True,,"data_ingestion, interactive"
-ahWdCysMYw,Summit Technology Group: Building a Data Consumption Model for Multi-Tenant Applications,7,8,6,9,100.0,87.5,93.33,66.67,44.44,53.33,75.0,True,True,,interactive
-kA0ahrhX3I,Oportun: Increasing the Accuracy of SensitiveData Discovery Using Amazon Macie,10,9,8,8,100.0,85.71,92.31,50.0,50.0,50.0,50.0,True,True,,data_ingestion
-wLEkq21cvA,Versent: The Migration Factory,11,9,12,10,57.14,80.0,66.67,41.67,50.0,45.45,0.0,True,True,,control
07lfvavMdfU,Levels Beyond: Digital Content Orchestration,9,10,9,14,100.0,90.0,94.74,88.89,57.14,69.57,50.0,True,True,,data_ingestion
0F7KDLz-kIQ,"Zigbang: A Hybrid API of Serverless and ECS, Infra as a Code via CDK",13,13,16,28,90.91,90.91,90.91,87.5,50.0,63.64,0.0,True,True,,interactive
0JxJpNjI9Y0,The Washington Post: Building a Content Management Platform with Speed at its Core,10,9,10,17,75.0,85.71,80.0,60.0,35.29,44.44,83.33,True,True,,interactive
0gNMEyei-co,Infor: Ingest and Analyze Millions of Application Events Daily for Compliance Violations,9,9,11,13,87.5,77.78,82.35,81.82,69.23,75.0,55.56,True,True,,data_ingestion
0wnNlOg42dc,Spyne.AI: High-Quality Product Visuals at Scale with AI on AWS,9,8,9,12,88.89,100.0,94.12,88.89,66.67,76.19,75.0,True,True,,compute_intensive
1ZLiRT0C2Yo,T-Mobile: Standardized Container-Based Architecture That can be Automatically Deployed Anywhere,7,6,5,0,85.71,100.0,92.31,0.0,0.0,0.0,0.0,False,False,"gt_marked_unusable,gt_has_zero_edges",control
1aYoIZvabbk,OLX Autos: Building Developer Platform for Rapid Global Expansion,6,6,6,5,83.33,83.33,83.33,66.67,80.0,72.73,25.0,True,True,,control
1kWxymroGeE,OutSystems: Decomposing a Data Monolith for Scale and MultiTenancy,6,5,8,4,83.33,100.0,90.91,50.0,100.0,66.67,0.0,False,True,gt_marked_unusable,control
1tGmQd0yOzE,Whirlpool: Resilient SAP on AWS,8,8,5,12,75.0,75.0,75.0,60.0,25.0,35.29,100.0,False,True,gt_marked_unusable,control
1xLjtJnfZes,MATTR: Building Digital Trust at Scale,8,8,5,6,85.71,75.0,80.0,60.0,50.0,54.55,33.33,True,True,,interactive
2L0m28ZLmtE,Sanofi with TeamWork: OnDemand Data Science Environment,14,13,12,11,92.31,100.0,96.0,66.67,72.73,69.57,62.5,True,True,,compute_intensive
2XVgpMwY5iE,Keen Eye: Building Deep Learning Models for Digital Pathology Image Analysis,8,7,10,12,71.43,71.43,71.43,50.0,41.67,45.45,60.0,True,True,,data_ingestion
2e3vOxsHekE,Mueller Water Products: A Water Intelligent Platform,6,6,5,6,83.33,83.33,83.33,80.0,66.67,72.73,100.0,True,True,,data_ingestion
2f_NYiPJQt4,Appway: Securing Sensitive Banking Workflows with Isolated Architecture on AWS,11,10,9,9,90.91,100.0,95.24,77.78,77.78,77.78,57.14,True,True,,control
37T7Nd8pL-c,Docebo: How to Create Compelling e-Learning Videos from Documents via AI ML Services,6,8,7,12,100.0,85.71,92.31,57.14,33.33,42.11,50.0,True,True,,control
3WgTBTDlQN8,FanFight: Building a Realtime Fantasy League Gaming Platform on AWS,9,9,10,14,66.67,66.67,66.67,50.0,35.71,41.67,60.0,True,True,,"data_ingestion, interactive"
3yJZ6rPoZfg,Hexagon HxDR: Cloud-Based Visualization of Spatial Data,8,7,8,9,50.0,50.0,50.0,25.0,22.22,23.53,50.0,True,True,,compute_intensive
4-teOQ_dJvY,SBB Cargo: Data Collection and Processing with Serverless Analytics Services,9,9,9,13,83.33,71.43,76.92,77.78,53.85,63.64,85.71,True,True,,data_ingestion
4WjXH8Wp0E4,Kainos: Kainos Advances Patient Care with Next Generation Interoperability Platform,13,14,12,22,100.0,80.0,88.89,91.67,50.0,64.71,81.82,True,True,,"data_ingestion, interactive"
4zVB5RbSTCo,Electroneum: Mobile Cryptocurrency Mining!,8,9,6,14,100.0,88.89,94.12,100.0,42.86,60.0,66.67,True,True,,data_ingestion
53sUjFv9ByI,Neumora Therapeutics: Enabling DNA and RNA Data Insight for Rapid Genomics Sequencing Drug Discovery,5,6,5,6,80.0,66.67,72.73,80.0,66.67,72.73,50.0,True,True,,data_ingestion
5CwIt-Alqhg,Accenture: Building a Blockchain Circular Supply Chain,11,11,10,12,90.91,90.91,90.91,90.0,75.0,81.82,55.56,True,True,,data_ingestion
5EmA67lSJEs,Extreme Reach: The AdBridge Platform on AWS Handles 80%+ of all Commercials in the US,10,11,11,20,87.5,87.5,87.5,54.55,30.0,38.71,50.0,True,True,,"compute_intensive, interactive"
5QbKp0LQaZo,GumGum Verity: Low Latency Contextual Analysis and Data Privacy at Scale on AWS Outposts,10,10,10,16,88.89,100.0,94.12,50.0,31.25,38.46,60.0,True,True,,compute_intensive
5f3z1Z_9BJA,Capgemini: Refactoring a Data Warehouse to Amazon Redshift,11,11,11,17,85.71,85.71,85.71,90.91,58.82,71.43,80.0,True,True,,data_ingestion
5vR5aN_xdI0,Splunk: Data at Scale by Decoupling Compute and Storage LIVE,9,9,7,10,100.0,85.71,92.31,71.43,50.0,58.82,100.0,True,True,,data_ingestion
62E9ggjGS8I,DISH Network: Building a Self-Service Portal to Create Multiple Accounts at Scale,7,7,4,9,100.0,100.0,100.0,100.0,44.44,61.54,25.0,False,True,gt_marked_unusable,other
66fPHLmvikk,ContentWise: How we Use Amazon SageMaker in Production Italian,11,7,10,8,83.33,83.33,83.33,50.0,62.5,55.56,80.0,True,True,,control
66h7DrOEF5k,ABEJA: Building a Machine Learning Platform that Fully Utilizes Container Technologies Japanese,12,9,10,9,100.0,100.0,100.0,90.0,100.0,94.74,77.78,True,True,,compute_intensive
6CgqEzyWpeA,SundaySky: Create Personalized Videos in Real Time on GPU-based Spot Instances for Video Rendering,12,12,15,19,88.89,88.89,88.89,60.0,47.37,52.94,44.44,True,True,,"compute_intensive, interactive"
6EUknQqaV1w,CloudHealth by VMware: Secure State. Manages Over 50M Assets from Billions of Events on AWS,7,9,9,11,100.0,85.71,92.31,66.67,54.55,60.0,66.67,True,True,,data_ingestion
6LcSv9XocTY,Intuit: Serving 7 Million Customers Using Amazon Connect,9,11,8,18,100.0,77.78,87.5,87.5,38.89,53.85,71.43,True,True,,"data_ingestion, interactive"
6YkguepAQuQ,Aetion: Deploy Applications  Provision Cloud Resources with AWS Developer Tools,10,10,4,10,100.0,100.0,100.0,100.0,40.0,57.14,25.0,True,True,,control
6iK4WNj6QqI,Ticketmaster: Active-Active Multi-Region Checkout for Ticket Purchases,7,6,7,10,71.43,83.33,76.92,42.86,30.0,35.29,33.33,True,True,,interactive
6sY0AunanlM,"NGINX: Deploy and Scale Applications with Ease Using AWS EKS, ECS and the NGINX Ingress Controller",8,4,8,0,66.67,100.0,80.0,0.0,0.0,0.0,0.0,False,False,"gt_marked_unusable,gt_has_zero_edges",control
6sew_hdI6cY,Triboo: Hosting Magento on Containers Italian,14,15,10,18,100.0,92.31,96.0,100.0,55.56,71.43,70.0,True,True,,other
7LziNjUTo7w,IHS Markit: Virtual Instructor-Led Trainings with IHS Markit (now part of S&P Global),9,9,10,16,88.89,100.0,94.12,90.0,56.25,69.23,22.22,True,True,,interactive
7V8wTCkjOqo,NAB: Automating Cloud Governance at the National Australia Bank,6,7,8,7,83.33,83.33,83.33,25.0,28.57,26.67,50.0,True,True,,other
7dtomip_VXc,Akatsuki: Building Stable and Scalable Large Scale Game Servers with Amazon ECS (Japanese),8,8,8,11,100.0,100.0,100.0,87.5,63.64,73.68,57.14,True,True,,interactive
7wBOFcP1HwA,Seera Group: Transforming Online Travel Booking with Microservices (Arabic),11,10,9,10,80.0,88.89,84.21,66.67,60.0,63.16,83.33,True,True,,interactive
8TExnSvZqt0,AxiomSL's RegCloud®️: Secure & Scalable Risk & Regulatory Reporting on AWS,11,11,4,0,100.0,100.0,100.0,0.0,0.0,0.0,0.0,False,False,"gt_marked_unusable,gt_has_zero_edges",other
8ZRWzn0G39g,Replicon: MultiTenant SaaS Solution with Bring Your Own Key BYOK Encryption for Enterprises,10,12,12,38,75.0,66.67,70.59,58.33,18.42,28.0,71.43,True,True,,interactive
8s0wGRkiDrw,Mobilewalla: S3 Access Monitoring Using ML,7,5,6,4,100.0,100.0,100.0,66.67,100.0,80.0,50.0,True,True,,data_ingestion
9-6hQdFeolc,Lyniate: Scaling Healthcare Data Exchange At Scale with Tenant Isolation,8,8,6,8,83.33,71.43,76.92,33.33,25.0,28.57,50.0,True,True,,"interactive, control"
9-a9Y5THTYo,Vitesco Technologies Cloud Foundation: A Scalable and Automated Cloud Landing Zone,8,7,8,6,71.43,83.33,76.92,62.5,83.33,71.43,20.0,True,True,,control
90rWUjKjnAE,amazee.io: Kubernetes Deployments Made Easy,9,8,9,10,85.71,85.71,85.71,77.78,70.0,73.68,57.14,True,True,,control
99nNHsbwBpg,SkyScanner: Building HighlyAvailable MultiRegion Kubernetes Clusters on 100 Amazon EC2 Spot,3,2,2,0,50.0,50.0,50.0,0.0,0.0,0.0,0.0,False,False,"gt_marked_unusable,gt_has_zero_edges",interactive
9Cg81Xgg7LQ,Pushpay Holdings Ltd : Strangling a Monolithic Application While Moving to Microservices on AWS,7,7,7,7,100.0,100.0,100.0,71.43,71.43,71.43,60.0,True,True,,other
9LhiUsg3knw,Musixmatch: How Content is Generated by Users Italian,10,13,11,8,100.0,81.82,90.0,45.45,62.5,52.63,100.0,False,True,gt_marked_unusable,"data_ingestion, compute_intensive"
9qTEHITVeLE,Majid Al Futtaim: Building a Custom Data Management Solution on AWS,10,9,11,14,75.0,85.71,80.0,45.45,35.71,40.0,100.0,True,True,,"data_ingestion, interactive"
9yziTe6lBwk,Ânima Educação: Digitizing Student Experience for Colleges in Brazil,10,10,9,16,90.0,90.0,90.0,88.89,50.0,64.0,50.0,True,True,,interactive
A4Lfk1Zz1dE,Spot.io: Optimizing Cloud Infrastructure Through Secure Cost Aware Automation,8,8,7,5,100.0,100.0,100.0,14.29,20.0,16.67,100.0,True,True,,control
AS2JeM2FUzE,Intellect Design Arena: Insurance Risk Assessment with Intellect FABRIC Data Services,9,9,10,12,88.89,88.89,88.89,80.0,66.67,72.73,62.5,True,True,,"data_ingestion, interactive"
AzM_d7ZvzUE,Epsagon: Automatically Tracing and Analyzing Billions of AWS Serverless Events,11,11,11,20,100.0,100.0,100.0,100.0,55.0,70.97,54.55,True,True,,data_ingestion
BPvr0qWpJlA,ContactSuite: Automated Omni-Channel Service Desk Workflow,10,10,7,9,62.5,55.56,58.82,42.86,33.33,37.5,33.33,True,True,,interactive
BX1K8x1lVLc,"Love, Bonito: Achieving Scalability Using Magento with Kubernetes",8,8,8,14,100.0,100.0,100.0,100.0,57.14,72.73,87.5,True,True,,interactive
BZ32w0SSAoY,PixelStrings by Cinnafilm: A Flexible & Scalable Platform for Video Audio Optimization & Conversion,7,7,11,19,80.0,80.0,80.0,81.82,47.37,60.0,44.44,True,True,,compute_intensive
BgT_bDAejSQ,GoDaddy: Empowering Agility with ZeroTrust Environment Best Practices,7,2,5,1,16.67,100.0,28.57,0.0,0.0,0.0,0.0,False,True,gt_marked_unusable,control
Bi-1xjXvKgs,tixCraft: Handling Millions of Ticketing Requests with AWS,8,5,7,6,75.0,75.0,75.0,42.86,50.0,46.15,100.0,True,True,,interactive
BlCXEMp_lqY,Vizio: Smart TV Analytics at Scale,6,6,5,9,100.0,100.0,100.0,100.0,55.56,71.43,100.0,True,True,,data_ingestion
CDCLwX2fo2g,Ztore: Building a Recommendation System on AWS (Cantonese),8,8,8,14,100.0,85.71,92.31,87.5,50.0,63.64,71.43,True,True,,"compute_intensive, interactive"
CE03UMddoYU,WEGoT aqua: Scaling IoT Platform for Water Management & Sustainability,11,10,10,12,77.78,87.5,82.35,80.0,66.67,72.73,100.0,True,True,,data_ingestion
CTG23wd9H74,3M: Building an HPC Modeling Platform to Simplify AWS Usage for Scientists and Engineers,7,8,9,11,100.0,87.5,93.33,77.78,63.64,70.0,71.43,True,True,,interactive
Ccutfm_Srzw,Zulily: A Compelling Suggestive Search Experience Using Amazon DocumentDB with MongoDB Compatibility,11,11,13,14,85.71,85.71,85.71,84.62,78.57,81.48,81.82,True,True,,interactive
Cgv0kfp_6xQ,Snap: Journey of a Snap on Snapchat Using AWS,11,10,10,14,100.0,100.0,100.0,100.0,71.43,83.33,80.0,True,True,,interactive
CsD5bmM6mpY,Linke - a Syntax Company: Building a Business Continuity Framework for SAP (Spanish),8,6,8,7,85.71,100.0,92.31,50.0,57.14,53.33,0.0,True,True,,control
Cw26CrJUqv8,Salesforce: Automating SaaS Application Connectivity,9,10,9,9,100.0,88.89,94.12,88.89,88.89,88.89,50.0,True,True,,other
D6rG9eZ5Qus,Graham Media Group: Modernizing Traditional Broadcasting with AWS,9,9,8,9,77.78,77.78,77.78,62.5,55.56,58.82,100.0,True,True,,interactive
D77FSUkPJ3o,"Avio Aero, a GE Aviation Business: Serverless Application to Manage Expense Purchase Approvals",8,8,10,12,85.71,85.71,85.71,60.0,50.0,54.55,16.67,True,True,,interactive
D9qTotVJYss,HBO Max: Using Canaries for Outside-in Validation,6,6,5,10,100.0,83.33,90.91,80.0,40.0,53.33,50.0,True,True,,data_ingestion
DAJZAygxDZA,BASF Digital Farming: Productionizing ML with a Cross-Account Model Deployment Solution,9,8,10,15,100.0,66.67,80.0,50.0,33.33,40.0,20.0,True,True,,control
D_4dsXVqzMs,Met Office: Building an Entirely Serverless National Severe Weather Warning System on AWS,8,7,7,10,71.43,100.0,83.33,71.43,50.0,58.82,80.0,True,True,,control
DkPPwq517aE,Enimbos:Creating a Saving Costs Management Platform using Serverless Compute Engine on AWS Span ,10,10,9,14,100.0,100.0,100.0,100.0,64.29,78.26,55.56,True,True,,"interactive, control"
DnTQ3matqts,ecofit: Responsive Lambda-based Microservices at Scale (LIVE),14,14,12,14,80.0,88.89,84.21,58.33,50.0,53.85,57.14,True,True,,"data_ingestion, interactive"
Dp3YAxFp-YM,Alef Education: Building an Adaptive Learning System for K12 Students using AWS,10,10,11,14,88.89,100.0,94.12,81.82,64.29,72.0,66.67,True,True,,"data_ingestion, compute_intensive"
DrkaU99l9S8,L&T Technology Services: Monitor & Analyze the Health of Industrial Equipment Using LTTS UBIQWeise,11,12,12,13,72.73,80.0,76.19,66.67,61.54,64.0,87.5,True,True,,data_ingestion
DxHO2TWVN8I,Equinix: Massive Data Ingest  Analytics with Serverless Cloud Application Architectures on AWS,8,10,11,19,100.0,80.0,88.89,63.64,36.84,46.67,85.71,True,True,,data_ingestion
Dxq_U1TNx1s,TCS: GeoSpatial Data Analysis Using TCS Digital Platform for NextGen Agriculture DNA,11,11,11,17,60.0,66.67,63.16,54.55,35.29,42.86,66.67,True,True,,"data_ingestion, compute_intensive"
E68ufJOduio,"Cohesity: Helios! Learn How to Back-up, Scale, Secure and Simplify Your Workloads on AWS",9,9,9,0,100.0,100.0,100.0,0.0,0.0,0.0,0.0,False,False,"gt_marked_unusable,gt_has_zero_edges",other
E8BGpIxzYc4,TownSq: Providing Performance Insights to Community Managers,10,10,10,11,77.78,77.78,77.78,60.0,54.55,57.14,100.0,True,True,,data_ingestion
E8wYXtvGy5k,Freightways: Delivering 50M packages with Serverless Tracking Solution,10,10,9,12,100.0,100.0,100.0,100.0,75.0,85.71,55.56,True,True,,interactive
EiljRL0977M,Neumora Therapeutics: Advanced MRI Precision Medicine and Brain Data Analysis Visualization at Scale,7,7,5,13,85.71,85.71,85.71,80.0,30.77,44.44,50.0,True,True,,compute_intensive
Eoq7E6jMtBs,Orangetheory Fitness: Using Chime SDK to Power Coach-led Virtual Workouts with OTlive,10,10,13,20,90.0,100.0,94.74,69.23,45.0,54.55,66.67,True,True,,interactive
ErXwuwF2mRU,Tapestry: Machine Learning and Analytics for the Fashion Industry on AWS,10,9,9,10,80.0,88.89,84.21,44.44,40.0,42.11,75.0,True,True,,data_ingestion
F4KDOGNpSoI,Pernod Ricard: Shortening URLs on a Global Scale with Low Latency French,14,14,15,19,91.67,91.67,91.67,86.67,68.42,76.47,61.54,True,True,,"data_ingestion, interactive"
FHdtOtznWuA,"SoftChef: Building AWS Iot Application Using an Innovative, Fully Serverless Architecture (Mandarin)",7,10,7,18,100.0,70.0,82.35,100.0,38.89,56.0,28.57,True,True,,control
Fd2c7NDYfpo,"Publicis Sapient: A Secure, Scalable & Self-provisioning Process to Create 20,000 accounts with AWS",8,8,8,12,85.71,85.71,85.71,75.0,50.0,60.0,33.33,True,True,,control
Felt-hOU6kU,Xero: Building a Scalable Self-Service Portal for Thousands of Developers Provisioning Resources,9,7,8,4,75.0,100.0,85.71,50.0,100.0,66.67,50.0,True,True,,control
FfSNnH2bbNc,Carbon by Indigo: Carbon Credits for Regenerative Agriculture,8,8,13,19,87.5,87.5,87.5,84.62,57.89,68.75,36.36,True,True,,"data_ingestion, interactive"
FftalZUxyiM,CEPSA: Finding the Best Internal Talent Using Amazon Neptune Spanish,8,9,7,14,100.0,85.71,92.31,100.0,50.0,66.67,71.43,True,True,,data_ingestion
FmhL2334GIY,New Relic: Automated Monitoring on AWS with New Relic Synthetics,9,10,9,11,75.0,50.0,60.0,33.33,27.27,30.0,66.67,True,True,,other
FqCs3BD6qvo,Accellion kiteworks: Cost-Effective CI CD Platform Using Amazon EC2 Spot,7,6,8,10,100.0,80.0,88.89,37.5,30.0,33.33,0.0,True,True,,control
G07keU4g-LU,Jubilant FoodWorks: Driving a Quality Customer Experience Using Data Lake,10,10,12,21,75.0,66.67,70.59,50.0,28.57,36.36,83.33,True,True,,data_ingestion
G5tNCpmD2uQ,Voodoo: Perform Recommendations Using Machine Learning (French),11,9,6,12,100.0,87.5,93.33,66.67,33.33,44.44,75.0,True,True,,interactive
GJ1So_pbZWk,Taysols: Next Best Offer Recommendation System using Amazon SageMaker,10,9,10,23,77.78,87.5,82.35,80.0,34.78,48.48,75.0,True,True,,data_ingestion
Gds8hl8dKuo,Fugue: Staying in Compliance by Automating Drift Detection,10,8,9,12,75.0,85.71,80.0,55.56,41.67,47.62,40.0,True,True,,control
GoziWpmFCS0,iRobot: Serverless Data Cataloging for Data Scientists,7,4,8,2,100.0,100.0,100.0,25.0,100.0,40.0,100.0,False,True,gt_marked_unusable,data_ingestion
GxjMSvwcgvw,Sopra Banking Software: Secured & Industrial Microservices for a Digital Banking Engagement Platform,8,8,7,13,66.67,66.67,66.67,71.43,38.46,50.0,100.0,True,True,,interactive
H2fOkeXxpyw,Atlassian: Secure Code Invocation at Scale with Atlassian Forge on AWS,8,8,7,10,83.33,83.33,83.33,85.71,60.0,70.59,33.33,True,True,,control
H51Ups01ZpU,AT&T: Bringing IoT to the Enterprise,7,6,6,0,85.71,100.0,92.31,0.0,0.0,0.0,0.0,False,False,"gt_marked_unusable,gt_has_zero_edges",interactive
H_S7CxtHgSM,Raiffeisen Bank International: Automated Integration of OnPremises Key Management with AWS KMS,12,11,13,12,77.78,87.5,82.35,53.85,58.33,56.0,57.14,True,True,,other
HcmEFZukA-Y,7-Eleven: Innovation with Serverless for Cash-Based Digital Wallet,9,9,12,15,100.0,100.0,100.0,100.0,80.0,88.89,75.0,True,True,,interactive
HrYfdnPp6qs,STAX: AWS Automated Data Analytics,7,10,5,9,100.0,87.5,93.33,80.0,44.44,57.14,50.0,True,True,,data_ingestion
HwHVFWdczVw,MailUp Group: Marketing Campaign Planning and Management Italian,8,9,8,9,100.0,88.89,94.12,100.0,88.89,94.12,75.0,True,True,,interactive
INog0_9tCtY,Threat Stack: Proactive Risk Identification and Real-time Threat Detection across AWS,11,14,11,19,87.5,70.0,77.78,54.55,31.58,40.0,83.33,True,True,,data_ingestion
IP03SkGbP-U,Astana International Exchange: Running a Stock Exchange in the Cloud,8,8,9,7,87.5,87.5,87.5,55.56,71.43,62.5,80.0,True,True,,interactive
IV3KuMGVNXI,Deep Instinct: Collecting RT Statistics and Applying RT Decisions with Lambda@Edge,7,7,6,17,100.0,100.0,100.0,83.33,29.41,43.48,80.0,True,True,,interactive
ItpY_KKR94k,The Orchard: How the 'Kafka Data Highway' Boosts Developer Productivity & Enables Business Processes,8,8,7,7,83.33,71.43,76.92,71.43,71.43,71.43,60.0,True,True,,data_ingestion
J4vHfpL66Zk,Lean Grids Services: Adaptable Data Platform Based on a Serverless Architecture Spanish,9,10,11,17,100.0,90.0,94.74,100.0,64.71,78.57,72.73,True,True,,data_ingestion
JG5p-i8Cr2E,ZS Associates: Building a SelfService Enterprise Data Engineering Platform,11,11,14,24,100.0,100.0,100.0,85.71,50.0,63.16,33.33,True,True,,control
JRDGId6N49E,TRI-AD: Large-Scale and High-Performance Distributed Training Platform,6,6,4,3,80.0,80.0,80.0,25.0,33.33,28.57,100.0,True,True,,compute_intensive
JSBB-BCvavQ,Talabat: Applying the Right Strategies for a Successful Migration,10,5,11,0,62.5,100.0,76.92,0.0,0.0,0.0,0.0,False,False,"gt_marked_unusable,gt_has_zero_edges",other
JVcKidzqpYY,Aramex: Leveraging AI ML to Enhance Customer Experience,9,9,10,13,88.89,88.89,88.89,80.0,61.54,69.57,62.5,True,True,,"data_ingestion, interactive"
JYeXbUdFOdw,Noventiq: Harnessing Search and Analytics with Event-Driven Architecture on Amazon OpenSearch,12,8,13,14,85.71,85.71,85.71,53.85,50.0,51.85,42.86,True,True,,"data_ingestion, interactive"
JcHSFIZMYHc,CleverTap: Building a Fully Version Controlled Infrastructure as Code on AWS,8,8,8,9,100.0,100.0,100.0,100.0,88.89,94.12,25.0,True,True,,control
JiWHomdh1oI,Datacoral: Using Serverless to Create Data Pipelines,7,7,10,11,80.0,80.0,80.0,80.0,72.73,76.19,50.0,True,True,,data_ingestion
Jkx6kVbDpL4,Nielsen: Processing 55TB of Data Per Day with AWS Lambda,12,13,14,17,83.33,71.43,76.92,85.71,70.59,77.42,41.67,True,True,,data_ingestion
Jz2RPRhF6Fs,Accolade: Security and Operational Excellence in Healthcare LIVE,10,10,9,13,88.89,88.89,88.89,88.89,61.54,72.73,62.5,True,True,,interactive
K27WjYwyqw8,Next Caller: Phone Caller Fraud Detection with AWS Sagemaker,8,8,9,11,85.71,85.71,85.71,77.78,63.64,70.0,71.43,True,True,,interactive
K5ww_O4vsxo,Samsung Cloud: Global Hybrid Network Optimization Across 5 AWS Regions Using AWS Transit Gateway,11,15,11,52,60.0,75.0,66.67,81.82,17.31,28.57,100.0,False,True,gt_marked_unusable,control
KM5ONS2fnG0,HP: Serverless Data Pipeline to Process Manufacturing Data From Assembly Lines in Near Real-Time,10,10,9,20,77.78,77.78,77.78,77.78,35.0,48.28,71.43,True,True,,data_ingestion
KQ6Fg206O9U,VietJet: Proactively Defending Your Systems from Bad Bots,10,10,11,14,88.89,80.0,84.21,54.55,42.86,48.0,50.0,True,True,,data_ingestion
Kebb0LOVC28,Openfit: ChatOps with Slack and AWS Lambda,6,9,6,21,100.0,62.5,76.92,83.33,23.81,37.04,20.0,True,True,,control
KgRib8AM0fs,Hudl: Ingesting and Transcoding Video Data Using AWS,9,7,9,8,55.56,71.43,62.5,22.22,25.0,23.53,50.0,True,True,,compute_intensive
KiH7hVJKzns,ADP: Unmatched People Data for Extraordinary Outcomes,8,8,9,14,100.0,100.0,100.0,88.89,57.14,69.57,75.0,True,True,,interactive
Kp088QTRmLk,NewsUK: Rendering News Content with GraphQL and a Serverless Architecture,8,9,9,10,100.0,85.71,92.31,100.0,90.0,94.74,77.78,True,True,,interactive
Kp51k6LY-2c,Toyota Motor NA: Lake House Architecture for Data and Analytics,8,8,8,16,87.5,87.5,87.5,75.0,37.5,50.0,66.67,True,True,,data_ingestion
KywvGM6HVXI,Capillary Technologies: Building an OmniChannel Data Ingestion Platform,11,11,11,22,88.89,88.89,88.89,90.91,45.45,60.61,50.0,True,True,,data_ingestion
KzJKdUZ3Ba4,PwC: Streamlining Asset Tracking with Amazon Managed Blockchain,3,4,4,6,66.67,66.67,66.67,25.0,16.67,20.0,100.0,True,True,,interactive
LD5ksgnu8r8,DXC: Claims Automation Using Amazon Textract and Amazon Comprehend,11,11,12,13,77.78,70.0,73.68,66.67,61.54,64.0,50.0,True,True,,compute_intensive
LPZlrX2cNjo,RedBus: Building Optimized ML Models with Amazon SageMaker,4,4,4,4,75.0,75.0,75.0,25.0,25.0,25.0,100.0,False,True,gt_marked_unusable,compute_intensive
LYP98nPBj2A,Singtel: Next-Generation Mobile Financial Services Platform on AWS and Amazon Aurora PostgreSQL,9,5,5,8,60.0,75.0,66.67,60.0,37.5,46.15,100.0,True,True,,interactive
LxeSC3-xMlk,St. Louis University: Using Amazon Lex to Answer Students' Questions Through Alexa and a Mobile App,9,8,8,15,88.89,100.0,94.12,87.5,46.67,60.87,85.71,True,True,,interactive
Ly_UhX3LCCs,AWS Solutions: Simple and Secure Media Exchange on AWS,9,7,7,7,80.0,100.0,88.89,42.86,42.86,42.86,66.67,True,True,,other
M_hqigB9C4I,Innovaccer: Deriving Insights from Healthcare Data to Empower Care Teams,9,9,8,16,75.0,75.0,75.0,50.0,25.0,33.33,100.0,True,True,,"data_ingestion, compute_intensive"
MbkLJ62jtMc,Mueller Water Products: Scalable Ingestion of Sensor Data for Municipal Water Conservation LIVE,8,6,6,4,71.43,83.33,76.92,50.0,75.0,60.0,33.33,True,True,,control
N2mktbl8EQk,An Under the Hood Tune Up with AWS DeepRacer,6,6,5,9,66.67,66.67,66.67,40.0,22.22,28.57,50.0,True,True,,compute_intensive
NfUwtK8ALtw,MX Player: Achieving Massive Scalability Using Amazon EKS with Spot Instances,9,9,11,16,75.0,85.71,80.0,27.27,18.75,22.22,66.67,True,True,,compute_intensive
O11BgSm7V14,HeyJobs: Moving to a Serverless Data Platform to Process and Enrich Over 3 Million Records a Day,9,10,9,13,85.71,75.0,80.0,88.89,61.54,72.73,75.0,True,True,,data_ingestion
O5Sn5QCEAzE,Credimi: Processing and Metadata Extraction of Invoices for Factoring Italian,7,7,7,9,85.71,100.0,92.31,57.14,44.44,50.0,75.0,True,True,,data_ingestion
OQKOHNtyz3E,Vodafone NZ: Data Driven Omni Channel Contact Center via Automation and Continuous Improvement,12,11,12,24,90.0,100.0,94.74,75.0,37.5,50.0,55.56,True,True,,interactive
OWLGK-eVrTw,Heimdall Data: Query Caching Without Code Changes,7,6,6,16,80.0,66.67,72.73,16.67,6.25,9.09,0.0,True,True,,interactive
OmVQ6pNDbaY,Solarwinds: Monitoring Kubernetes Clusters on AWS,6,2,4,0,66.67,100.0,80.0,0.0,0.0,0.0,0.0,False,False,"gt_marked_unusable,gt_has_zero_edges",other
OrC9cLYMbas,Telecoming: How To Save Up to 70% Using Fargate Spot on a Test Automation Platform (Spanish),7,5,4,7,83.33,100.0,90.91,50.0,28.57,36.36,50.0,True,True,,control
OuQvFd44vw4,econda GmbH: Building a RealTime Personalization Engine with Amazon Sagemaker and AWS ECS,10,10,11,9,100.0,87.5,93.33,63.64,77.78,70.0,28.57,True,True,,"compute_intensive, interactive"
Ozbv9qBsDG8,Clumio: Enterprise Backup as a Service with an AlwaysOn Security Model,11,11,8,17,88.89,100.0,94.12,75.0,35.29,48.0,83.33,True,True,,other
PBa68gCG0Uk,Launchmetrics: How Launchmetrics Produces Fashion Luxury and Beauty Data Insights for 1B Users,5,7,6,7,100.0,66.67,80.0,83.33,71.43,76.92,100.0,True,True,,data_ingestion
Pc7_uOdlGKo,Panasonic Avionics: Weather Data and ML Models Improve In-Flight Entertainment Customer Satisfaction,7,9,7,9,100.0,75.0,85.71,100.0,77.78,87.5,85.71,True,True,,data_ingestion
PgeQufaQy7I,"MindTickle: Building a Secure, Automated, Multi-Region Architecture on AWS",7,8,6,8,85.71,75.0,80.0,83.33,62.5,71.43,80.0,True,True,,interactive
PoYiSKUy8sE,Alert Logic: Scaling Storage and Delivery of Petabytes of Search Data,12,14,10,19,100.0,77.78,87.5,90.0,47.37,62.07,55.56,True,True,,"data_ingestion, interactive"
Q6r_QbYXFpg,SynchroNet: Extending User Automation and Amazon WorkSpaces Provisioning with AWS Step Functions,11,11,9,9,100.0,100.0,100.0,100.0,100.0,100.0,44.44,True,True,,other
QJZHs1CSxu0,Define Media: How Define Media Places Ads with Low Latency Using Sophisticated Machine Learning,6,6,6,6,83.33,83.33,83.33,50.0,50.0,50.0,100.0,True,True,,compute_intensive
QM96Fv_NAnw,INT: Seismic Data Visualization Platform Designed for Cloud,6,7,8,6,100.0,85.71,92.31,37.5,50.0,42.86,66.67,True,True,,interactive
QOtCpD23118,LeasePlan: Leverages Serverless to Increase Driver Safety Reduce Fleet Costs and Lower Risk,11,11,12,10,75.0,75.0,75.0,66.67,80.0,72.73,100.0,True,True,,data_ingestion
Qi9soN5bpU4,ITTStar: AIpowered Search and Discovery of Luxury Goods for Retailers and Wholesalers,8,8,7,10,100.0,100.0,100.0,100.0,70.0,82.35,57.14,True,True,,interactive
QnmmTIYZxNI,Adobe: Simplifying Networking Across Thousands of AWS Accounts with AWS Transit Gateway LIVE,8,8,5,6,100.0,100.0,100.0,80.0,66.67,72.73,100.0,False,True,gt_marked_unusable,other
QnwfcDZkwh8,Mediaset: Achieving an Omni-Channel Broadcasting Voting System Near Realtime at Scale,10,13,12,18,90.0,69.23,78.26,83.33,55.56,66.67,40.0,True,True,,interactive
QuyZHin9B70,Veritas: Architecting a Global File System with AWS Storage and InfoScale,9,4,7,0,66.67,100.0,80.0,0.0,0.0,0.0,0.0,False,False,"gt_marked_unusable,gt_has_zero_edges",other
Qz8uXtDC1bY,Fundbox: Simplifying Ways to Query and Analyze Data by Different Personas - Go Serverless!,15,14,15,17,100.0,100.0,100.0,86.67,76.47,81.25,15.38,True,True,,compute_intensive
R-DPMUjZEf4,Logicworks: HIPAA Compliance and SSL Termination with Thousands of Certificates,6,7,5,6,100.0,80.0,88.89,100.0,83.33,90.91,100.0,True,True,,other
RCWl0rf8lpE,Cognizant: Beyond Prediction with a Unique Evolutionary AI Platform,7,7,7,10,100.0,100.0,100.0,100.0,70.0,82.35,28.57,True,True,,compute_intensive
RU__HBEMDvQ,BookMyShow: How BMS Scaled Data Analytics to Handle 28M Ticket Sales with Modern Data Architecture,8,9,7,10,87.5,77.78,82.35,42.86,30.0,35.29,66.67,True,True,,data_ingestion
RxAmb57NCPM,Zalando: Highly Scalable Data Processing Pipeline,12,13,11,12,100.0,83.33,90.91,81.82,75.0,78.26,55.56,True,True,,data_ingestion
S-JSSZZaa94,Samsung Health: Scaling Mobile Application Development with Amazon EKS,7,8,8,11,83.33,71.43,76.92,37.5,27.27,31.58,100.0,True,True,,interactive
S85DeDgWQSc,San Diego Gas & Electric: Using Image Recognition and Machine Learning to Reduce Wildfire Risk,10,12,10,14,90.0,81.82,85.71,70.0,50.0,58.33,100.0,True,True,,data_ingestion
SC6n6J8Bi58,EMnify: Building a Cloud Native Mobile Network for IoT Leveraging AWSs Global Infrastructure,10,11,13,15,87.5,87.5,87.5,53.85,46.67,50.0,85.71,True,True,,interactive
SSWwnNVYi_Q,NHS Digital: From 137 Minutes to 137 Seconds Using EMR,7,8,5,10,100.0,85.71,92.31,80.0,40.0,53.33,50.0,True,True,,data_ingestion
SpIlpGxuwFM,Northwestern Mutual: Reducing CI CD Cycle Time with Automation Using AWS CDK Serverless Architecture,8,8,7,8,87.5,87.5,87.5,71.43,62.5,66.67,60.0,True,True,,other
StSuG6-iKW4,ThingCo: Billions of Data Points Per Day with a NextGeneration Serverless Telematics Platform,11,10,8,7,80.0,88.89,84.21,50.0,57.14,53.33,0.0,True,True,,interactive
T048vs9p1h4,DBS Bank: Scalable Serverless Compute Grid on AWS,12,12,15,23,87.5,87.5,87.5,86.67,56.52,68.42,30.77,True,True,,compute_intensive
TTlyNWh0gjM,Zoho Site24x7: Building Scalable Realtime User Monitoring Systems on AWS,11,11,9,15,75.0,85.71,80.0,55.56,33.33,41.67,80.0,True,True,,control
U1P8vZTEB-k,GSR: A Crypto Market Maker and Ecosystem Partner,11,12,13,14,90.91,83.33,86.96,53.85,50.0,51.85,100.0,True,True,,"compute_intensive, control"
U1kY6nSS2YQ,Amdocs: DevOps Ecosystem Setup for Telco using Kubernetes-Based Microservices Platform,10,11,4,18,75.0,85.71,80.0,75.0,16.67,27.27,0.0,False,True,gt_marked_unusable,other
U8xlmurP-6o,Simplex: Building a Scalable Serverless Cryptocurrency Platform,12,10,10,10,100.0,100.0,100.0,80.0,80.0,80.0,50.0,True,True,,interactive
Ujs9o3CXUTU,Telefónica Tech AI of Things: Providing Data Insights and ML to Organizations with AI Suite (Span.),9,8,5,2,77.78,87.5,82.35,20.0,50.0,28.57,100.0,False,True,gt_marked_unusable,other
UsngU-HjH_Q,ViacomCBS: Multiplatform Distribution Powered by AWS,12,9,10,10,100.0,77.78,87.5,30.0,30.0,30.0,100.0,True,True,,control
Vrx9csoawWc,FINRA: Petabyte-Scale Data Analysis on AWS,8,7,10,21,83.33,83.33,83.33,60.0,28.57,38.71,16.67,True,True,,data_ingestion
W5qVQr-n5M8,FICO: Fraud Detection and AntiMoney Laundering with AWS Lambda and AWS Step Functions,9,10,9,20,85.71,75.0,80.0,88.89,40.0,55.17,37.5,True,True,,compute_intensive
W96L6ICcF3s,Samsung Electronics: Samsung Developer Portal Using Serverless Container Services,7,7,3,0,80.0,80.0,80.0,0.0,0.0,0.0,0.0,False,False,"gt_marked_unusable,gt_has_zero_edges",interactive
WS2Qgx0qgCM,Airbnb: Securing MultiTenant Kubernetes Clusters at Scale,7,6,7,8,83.33,100.0,90.91,42.86,37.5,40.0,33.33,True,True,,control
WYK-smWKywA,SGX: Building & Securing a One Stop App for Retail Investors on AWS,12,11,11,23,75.0,81.82,78.26,72.73,34.78,47.06,62.5,True,True,,interactive
Wk9mCHyjtBU,Veracode: Eliminating Application Security Bugs Through DevSecOps at Scale,8,10,6,16,100.0,87.5,93.33,100.0,37.5,54.55,66.67,True,True,,"compute_intensive, interactive"
WtCfHP6rUAY,Coople: Serverless CQRS and Event Sourcing,9,11,8,13,100.0,71.43,83.33,100.0,61.54,76.19,50.0,True,True,,"interactive, control"
Wur1GWB03hk,Lockheed Martin: Using Alexa for Business to Securely Access Program Management Status,9,9,9,14,100.0,100.0,100.0,100.0,64.29,78.26,44.44,True,True,,interactive
WxMBuBBIwpI,NextRoll: Driving OpEx Efficiency for Ad Bidding Engines LIVE,6,6,5,7,66.67,66.67,66.67,40.0,28.57,33.33,100.0,True,True,,data_ingestion
X3mC6Yfd138,PredictHQ: Global Demand Intelligence for Data at Hyperscale,11,9,9,10,50.0,66.67,57.14,0.0,0.0,0.0,0.0,False,True,gt_marked_unusable,data_ingestion
XG6mHvi4eNU,Avaloq: Automating the Provisioning of a Bank-in-a-Box in Minutes Using Amazon EKS,7,6,6,10,83.33,83.33,83.33,83.33,50.0,62.5,60.0,True,True,,control
XGVWdSnml6A,Toyota Research Institute: On-Demand Self-Service Portal for Data Scientists to Process Data Sets,8,7,7,8,83.33,71.43,76.92,28.57,25.0,26.67,50.0,True,True,,compute_intensive
XUCGMzLx8wY,Mytona: How a ML Recommendation System was Built for Gaming,7,8,8,9,85.71,75.0,80.0,50.0,44.44,47.06,50.0,True,True,,data_ingestion
Xi6tDqctLsY,Salary Overflow: Bringing Transparency to Tech Salaries,8,8,8,16,100.0,100.0,100.0,100.0,50.0,66.67,62.5,True,True,,interactive
XmIhHtPJWog,HDI Group: Automated Security and Compliance Issue Remediation Using Cloud Native Services,10,10,10,10,90.0,90.0,90.0,90.0,90.0,90.0,66.67,True,True,,interactive
XpFNznmRoQ0,Healthfirst: Wrangling Data the Event Driven Way,14,12,14,16,72.73,88.89,80.0,78.57,68.75,73.33,63.64,True,True,,data_ingestion
XqsgQxyZ2Tw,1plusX: A RealTime Data Management Platform on AWS,10,11,11,16,80.0,80.0,80.0,63.64,43.75,51.85,57.14,True,True,,data_ingestion
YT21s0_ZJVQ,AMPOS: Managing Systems Across AWS Global Regions and China Regions,13,7,5,2,87.5,100.0,93.33,20.0,50.0,28.57,0.0,False,True,gt_marked_unusable,data_ingestion
YV8e36ZywLk,Syntax: Extract and Leverage SAP Data with AWS Services,5,5,4,4,80.0,80.0,80.0,0.0,0.0,0.0,0.0,True,True,,other
YiOTd6IfGoU,Go Global: Processing Tens of Different Event Types on a Generic Data Lake Architecture (Hebrew),12,12,11,13,81.82,81.82,81.82,72.73,61.54,66.67,87.5,True,True,,data_ingestion
YjASp_VccmI,Vidsy: See How Vidsy Run Their Content Platform on AWS,10,10,9,6,87.5,87.5,87.5,55.56,83.33,66.67,100.0,False,True,gt_marked_unusable,interactive
Yju3yReAQtc,Fortinet Uses AWS Serverless to Provide a Highly Available ControlPlane for their FortiWeb CloudWAF,12,7,5,7,85.71,85.71,85.71,60.0,42.86,50.0,33.33,True,True,,interactive
YlGUMhls9ZA,Veolia: Serverless Solution for Cost Optimization on AWS (French),14,14,14,18,100.0,100.0,100.0,100.0,77.78,87.5,35.71,True,True,,compute_intensive
YosezjoL4MU,Korean Airline: Data Warehouse Modernization on AWS Korean,11,12,10,11,100.0,91.67,95.65,100.0,90.91,95.24,70.0,True,True,,control
YrEc8oMIxDs,Thales: Automate Security Threat Detection and Remediation with AWS Security Services French,10,10,9,14,100.0,100.0,100.0,100.0,64.29,78.26,0.0,True,True,,data_ingestion
ZCj2wuKBBu4,Nike: A Social Graph at Scale with Amazon Neptune,9,9,8,9,87.5,87.5,87.5,62.5,55.56,58.82,100.0,True,True,,data_ingestion
ZNt9qI_LlPk,Autodesk Data Platform: Product Usage RealTime Analytics Using an Event Driven Architecture,6,5,9,10,100.0,100.0,100.0,66.67,60.0,63.16,50.0,True,True,,data_ingestion
ZPsBzAwJzoI,NAGRA: NexGuard Watermarking for Securing Streaming Content Using AWS,12,12,12,17,81.82,81.82,81.82,66.67,47.06,55.17,87.5,True,True,,interactive
ZsabzCVjkIk,Mikamai: Standard Architectures for Modern Web Applications Italian,10,10,7,8,100.0,100.0,100.0,100.0,87.5,93.33,71.43,False,True,gt_marked_unusable,control
_EPfIJnBCoM,PayGo: Leveraging Smart Meters to Help Customers Conserve Energy!,9,6,8,5,83.33,100.0,90.91,50.0,80.0,61.54,100.0,True,True,,interactive
_pXybA6832o,Olikka: Self Service Hub with Alexa,10,9,11,11,77.78,87.5,82.35,81.82,81.82,81.82,66.67,True,True,,interactive
_vjB_vF4Uec,Nasuni: Building a Global File Lock Service on AWS,10,6,9,9,83.33,83.33,83.33,33.33,33.33,33.33,66.67,True,True,,interactive
a1sEfGVDpEQ,Swiss Post Ltd: Security and Compliance of AWS Accounts at Scale German,9,10,9,13,100.0,85.71,92.31,100.0,69.23,81.82,77.78,True,True,,data_ingestion
a59halVklMI,Ashok Leyland: Running Telematics at Scale,10,12,8,16,100.0,77.78,87.5,100.0,50.0,66.67,100.0,True,True,,data_ingestion
a6kqyqTNJM4,Seera Group: Transforming Online Travel Booking with Microservices,11,11,11,15,77.78,77.78,77.78,27.27,20.0,23.08,66.67,True,True,,interactive
aAYvbRhZFPo,Xero: Global Load Balancing for File Transfer Services LIVE,11,7,5,6,85.71,100.0,92.31,40.0,33.33,36.36,100.0,False,True,gt_marked_unusable,data_ingestion
aOY6YCpcjz8,HubSpot: Task Queueing System Built on top of Amazon SQS,10,11,11,14,100.0,75.0,85.71,90.91,71.43,80.0,60.0,True,True,,compute_intensive
aOZ4H98XROc,Cyxtera: How to Enable Secure Zero Trust Access to AWS Resources  Hybrid Architectures,8,8,7,9,83.33,62.5,71.43,14.29,11.11,12.5,0.0,True,True,,data_ingestion
aQFztbu0BG0,Discover Financial Services: Enabling a PCI Compliant Data Science Platform,8,8,8,8,83.33,83.33,83.33,75.0,75.0,75.0,66.67,True,True,,data_ingestion
aY-wF9g0qkM,globaldatanet: Using AI to Build a Multi-Tenant SaaS Construction Site Monitoring Solution,9,10,9,14,83.33,71.43,76.92,66.67,42.86,52.17,83.33,True,True,,interactive
acm-HWJhEOA,Careem: Identity Based Fraud Detection Using Neptune and Neptune ML,10,8,10,14,75.0,75.0,75.0,70.0,50.0,58.33,85.71,True,True,,data_ingestion
ameanoaMldM,Bristol-Myers Squibb: Enabling DevOps with AWS Service Catalog,11,7,10,2,77.78,100.0,87.5,10.0,50.0,16.67,0.0,False,True,gt_marked_unusable,other
amh7nzl32v4,Melco Resorts & Entertainment: Serverless Architecture Pattern for Melco Club Mobile App,8,8,7,14,100.0,100.0,100.0,85.71,42.86,57.14,50.0,True,True,,interactive
asZIXK7V-U4,Ounass: Building a Scalable Recommender Architecture Powered by the Word2vec Algorithm,10,10,13,16,100.0,100.0,100.0,100.0,81.25,89.66,46.15,True,True,,data_ingestion
az-C2c33trQ,Adikteev: ROI Analysis of Advertising Campaigns From Data Ingestion to Prediction Dashboards,8,8,9,17,100.0,100.0,100.0,100.0,52.94,69.23,88.89,True,True,,data_ingestion
b93-zn-DtBw,JD Power: Building a Rankings  Insights Engine with Data Lakes  Machine Learning on AWS,11,9,11,4,88.89,88.89,88.89,18.18,50.0,26.67,0.0,False,True,gt_marked_unusable,data_ingestion
bQqJpjv-FXs,ēdn: Reinventing Indoor Gardening with Interactive Workflows Using AWS IoT Core and Amazon Pinpoint,7,6,8,5,71.43,83.33,76.92,50.0,80.0,61.54,50.0,True,True,,data_ingestion
bikXzsVihF4,United Airlines: How to Use AWS Backup to Protect Data from Ransomware Events,8,7,7,10,100.0,100.0,100.0,71.43,50.0,58.82,20.0,True,True,,other
bqZWYmRAka0,DBS Bank: Architecting Quant Pricing Engine for Performance with Amazon ElastiCache,10,5,13,5,80.0,80.0,80.0,30.77,80.0,44.44,75.0,True,True,,compute_intensive
bxvZBfbyhiA,OnScale: Deploying HPCs for CAE Workloads on AWS,8,9,8,12,100.0,87.5,93.33,87.5,58.33,70.0,28.57,True,True,,compute_intensive
c-1GXhOOOww,Anchor Operating System: Building a Serverless Guest Sightseeing Journey Seamlessly,9,9,12,16,77.78,77.78,77.78,33.33,25.0,28.57,25.0,True,True,,interactive
c6yBZBMwtLk,RSI: Affordably Modernizing Audio and Video Content Management Italian,11,11,12,13,88.89,88.89,88.89,75.0,69.23,72.0,55.56,True,True,,"data_ingestion, compute_intensive"
c8615P0yfi8,Ounass: Building a Scalable Recommender Architecture Powered by the Word2vec Algorithm (Arabic),10,10,11,0,100.0,100.0,100.0,0.0,0.0,0.0,0.0,False,False,"gt_marked_unusable,gt_has_zero_edges",data_ingestion
c863uNkF0w4,ENGIE Digital: Using Spot Instances to Optimize Costs for Operations Platform for Energy Assets Fr,6,10,5,8,83.33,55.56,66.67,60.0,37.5,46.15,66.67,True,True,,data_ingestion
cRxvZBIa-gI,"Equifax: Achieving Cost Savings and Reliability with EKS, Graviton2, and Aurora Global",7,5,4,4,50.0,60.0,54.55,0.0,0.0,0.0,0.0,True,True,,interactive
cZuoiXQ0xUk,Leaven: Machine Learning at Massive Scale to Protect Human Life,8,8,8,13,85.71,85.71,85.71,62.5,38.46,47.62,80.0,True,True,,compute_intensive
ccPhkyPm_3w,Imperva: Building Real-Time Streaming Data Pipelines Using Amazon MSK,9,6,8,6,83.33,83.33,83.33,50.0,66.67,57.14,100.0,True,True,,data_ingestion
chQ1phTqvnY,Hi Res Cam: High Performance Object Detection with AWS Lambda Rekognition  TensorFlow German,10,10,10,24,100.0,100.0,100.0,90.0,37.5,52.94,44.44,True,True,,"data_ingestion, compute_intensive"
cmYI6axlicc,Pirelli: Building a Data Platform at Scale,9,10,10,14,80.0,57.14,66.67,30.0,21.43,25.0,66.67,True,True,,data_ingestion
cmlhEbm1kPk,DXC  Munich Re: Amazon Connect with AWS Machine Learning Services,9,9,9,18,87.5,87.5,87.5,55.56,27.78,37.04,60.0,True,True,,compute_intensive
cnZeOytEkIM,Property Finder: Running Production Workloads with Amazon EKS on 100% Amazon EC2 Spot Instances,8,6,6,6,100.0,100.0,100.0,66.67,66.67,66.67,50.0,True,True,,interactive
co4_t2gN1T8,AC3: Multi-stage Geospatial Data Lake with Step Functions (LIVE),9,9,9,16,87.5,87.5,87.5,88.89,50.0,64.0,50.0,True,True,,interactive
d0EE1HuZSEU,William Hill: Highperformance DDOS Protection with AWS,13,13,15,21,92.31,92.31,92.31,80.0,57.14,66.67,75.0,True,True,,control
dAQhNjwkOX8,Cation Consulting: How to Build a Scalable Chatbot and Deploy to Europe's Largest Airline,12,14,14,24,100.0,90.91,95.24,78.57,45.83,57.89,63.64,True,True,,"data_ingestion, interactive"
dy-drIboyNA,Healthdirect Australia: Using AWS to Connect People with Healthcare,12,15,12,13,100.0,88.89,94.12,83.33,76.92,80.0,70.0,True,True,,"data_ingestion, interactive"
e3N5ZuHh7G0,Wag: Deploying BlueGreen Architecture for Increased Availability and Reduced Risk,5,6,4,6,75.0,75.0,75.0,50.0,33.33,40.0,100.0,False,True,gt_marked_unusable,control
eEfWd4EgH_s,Homegate AG: A Serverless Real Estate Platform,10,10,9,10,85.71,85.71,85.71,88.89,80.0,84.21,50.0,True,True,,data_ingestion
ec6j-MaOSUc,Treasury Intelligence Solutions: Managing Data Growth & Scalability with a Secure Data Lake,11,11,9,20,100.0,81.82,90.0,77.78,35.0,48.28,42.86,True,True,,data_ingestion
ekXdohpAy5U,Accenture: Natural Language Processing and Graph Databases for the Oil and Gas Industry,6,6,6,9,83.33,83.33,83.33,83.33,55.56,66.67,100.0,True,True,,data_ingestion
f5EJBUfGZtw,Expedia: Salesforce Integration with AWS,10,10,9,8,100.0,88.89,94.12,77.78,87.5,82.35,100.0,True,True,,data_ingestion
fOgb0Es-lVs,Deluxe One: Unifying Modern Content Creation and Delivery at Scale,8,7,7,6,66.67,80.0,72.73,71.43,83.33,76.92,80.0,False,True,gt_marked_unusable,control
fRv8sOUyhZw,Ippon with Euler Hermes: Transforming a Monolithic Application of Data Analytics with Microservices,9,10,10,13,100.0,88.89,94.12,100.0,76.92,86.96,80.0,True,True,,data_ingestion
fSV0u48sEVg,Social Quantum: Using Serverless in Gaming,7,7,8,11,85.71,85.71,85.71,25.0,18.18,21.05,100.0,True,True,,interactive
fTxvwVj02P0,Simpego: Swiss InsurTech Running All Core Business Processes on AWS (German),8,8,7,10,85.71,85.71,85.71,85.71,60.0,70.59,100.0,True,True,,"data_ingestion, interactive"
fppIOuRMI2g,Instructure: Elevating Digital Education to the Next-Level Event Driven CI/CD Deployments Globally,7,7,6,7,100.0,100.0,100.0,100.0,85.71,92.31,33.33,True,True,,control
ftIdBG-UgFY,AQR: Using ECS to Provide Dev Teams Security & Authentication on a Scalable Container Platform,6,8,5,9,100.0,75.0,85.71,80.0,44.44,57.14,25.0,True,True,,control
gcgtLDB0cKA,CMD by Mantel Group: Ensuring Safe Vessel Transit at Sea Ports with Data,13,13,12,18,81.82,81.82,81.82,83.33,55.56,66.67,50.0,True,True,,"data_ingestion, interactive"
gpWR5JBC64A,FoodHub: Enabling Massive Scale Order Processing with Serverless Architecture,8,8,7,6,87.5,87.5,87.5,71.43,83.33,76.92,80.0,True,True,,"data_ingestion, interactive"
gu54VVeDD10,"FPL Technologies: Building On-Demand, Secure, and Scalable Serverless ML Workbenches",7,8,6,9,100.0,87.5,93.33,83.33,55.56,66.67,40.0,True,True,,"data_ingestion, compute_intensive"
h0HE3bOEiMk,HDFC Life: Event Driven DataLake and Recovery,7,7,9,9,100.0,100.0,100.0,88.89,88.89,88.89,87.5,True,True,,control
hEB1J9-iOqs,BristolMyers Squibb: Embracing InfrastructureasCode with AWS and AutoPTP,10,9,9,0,75.0,85.71,80.0,0.0,0.0,0.0,0.0,False,False,"gt_marked_unusable,gt_has_zero_edges",control
hFx0EF9KEZU,Buzzvil: Segment Processing and Provision for Ad Recommendation Korean,15,15,15,23,80.0,88.89,84.21,66.67,43.48,52.63,90.0,True,True,,"data_ingestion, compute_intensive, interactive"
hMK2NJ-q9nc,WarnerMedia: Cloudbased Linear Playout System,8,6,10,5,75.0,50.0,60.0,20.0,40.0,26.67,100.0,True,True,,compute_intensive
hbz63Ve-eIY,Wix: Serverless Platform for End-to-End Browser Testing using Chromium on AWS Lambda,6,6,7,13,83.33,83.33,83.33,42.86,23.08,30.0,33.33,True,True,,control
hf9nMAG9XoU,Taco Bell: Aurora as The Heart of the Menu Middleware and Data Integration Platform for Taco Bell,7,8,7,11,100.0,85.71,92.31,85.71,54.55,66.67,66.67,True,True,,control
hlVnmCfydIs,Traeger Provisions: Personalizing Customer Support Experiences on AWS,8,11,11,13,100.0,80.0,88.89,100.0,84.62,91.67,63.64,True,True,,"data_ingestion, interactive"
hnMQFnTGr3I,Nanit: How Nanit Streams and Analyzes Video from Hundreds of Thousands of Cameras,12,9,12,24,100.0,100.0,100.0,100.0,50.0,66.67,58.33,True,True,,"data_ingestion, interactive"
hrhBOOrR5v0,PureWeb: Building a Global 3D Streaming Platform For Limitless Experiences,8,9,9,12,100.0,100.0,100.0,88.89,66.67,76.19,50.0,True,True,,interactive
i10a06IU4WQ,Pinterest: Scalable Access Control with STS Token Vending,8,6,9,8,66.67,80.0,72.73,22.22,25.0,23.53,0.0,False,True,gt_marked_unusable,control
i4ueYgjVDCw,"Rappi: Leveraging EKS, DocumentDB, RDS and ElastiCache to Quickly Scale Kubernetes Clusters",13,10,8,8,61.54,80.0,69.57,50.0,50.0,50.0,0.0,True,True,,"interactive, control"
iKYvG5aiIn8,TrueBlue: Scaling Job Matching with a Serverless Delta Lake,8,9,7,7,100.0,87.5,93.33,85.71,85.71,85.71,66.67,True,True,,data_ingestion
iSkWd31X7zo,TechConnect: Tech Powered Sports with IoT  Machine Learning,9,9,7,9,88.89,88.89,88.89,85.71,66.67,75.0,100.0,True,True,,"data_ingestion, compute_intensive"
iWK0iRUi-b4,Snyk: CICD Pipelines and Security Controls for Application Developers,8,8,8,12,100.0,87.5,93.33,75.0,50.0,60.0,33.33,True,True,,interactive
ihB2dRYLOOI,UltraServe: Application Vending Machine with Runtime Event Control (LIVE),11,12,9,7,100.0,90.91,95.24,44.44,57.14,50.0,0.0,False,True,gt_marked_unusable,"compute_intensive, interactive"
ilsJgwcAshE,Amagi: Powering High Availability Broadcast Playout on AWS Cloud,10,9,10,9,100.0,100.0,100.0,80.0,88.89,84.21,100.0,True,True,,data_ingestion
iwDNnyiD26M,Cedrus: Migrating a Legacy Application to a Serverless Ecosystem,10,9,12,9,100.0,100.0,100.0,58.33,77.78,66.67,42.86,True,True,,interactive
iwZLadQ3XpY,Riot Games: A new data ingest pipeline for league of legends using MSK,6,7,5,7,83.33,71.43,76.92,60.0,42.86,50.0,100.0,True,True,,data_ingestion
j-lPgPGBTwQ,Halter:Building the Future of Farming with IoT Enabled Livestock and Pasture Management,12,11,15,16,81.82,90.0,85.71,60.0,56.25,58.06,66.67,True,True,,data_ingestion
j9OZ-7aCAyA,Homesite: Event-Driven Data Analytics Platform Using Amazon Neptune,8,9,6,15,100.0,88.89,94.12,83.33,33.33,47.62,40.0,True,True,,data_ingestion
jBffL9zUCSE,"The New York Times: Giving Developers the Freedom to Deploy, While Governing Cloud Services at Scale",7,7,5,11,100.0,100.0,100.0,100.0,45.45,62.5,40.0,True,True,,control
jV8DwutbXbg,Tandem Bank: Processing Transaction Data using AWS Lambda with NLP,7,7,6,11,100.0,100.0,100.0,100.0,54.55,70.59,50.0,True,True,,data_ingestion
jg85DzUZ9Ac,Veritiv: Enable Insights to Forecast Sales Demand on AWS Data Lakes,10,10,11,11,87.5,87.5,87.5,90.91,90.91,90.91,60.0,True,True,,data_ingestion
jzKCg9Z5_8Q,Blackboard Anthology: Building and Governing an AWS Environment with 120 Accounts,7,6,6,0,100.0,100.0,100.0,0.0,0.0,0.0,0.0,False,False,"gt_marked_unusable,gt_has_zero_edges",control
k7h0jpLcWdE,Carano Software Solutions: Accelerate Adoption of Microservices with Serverless,8,8,8,8,100.0,100.0,100.0,75.0,75.0,75.0,0.0,True,True,,interactive
kHPGZOpbnok,"Ookla: Speedtest Intelligence Process 4,000 Reports per Second While Providing Near Real-time Insights",8,8,9,12,87.5,87.5,87.5,55.56,41.67,47.62,60.0,True,True,,data_ingestion
kszaIJEnKPk,ResMed: Improving Patient Outcomes with Serverless at Scale,10,11,11,13,88.89,80.0,84.21,81.82,69.23,75.0,66.67,True,True,,"data_ingestion, interactive"
ktonI7J3kLY,Grabyo: Using Serverless for Smart Capacity Provisioning and Orchestration,6,5,5,8,100.0,100.0,100.0,60.0,37.5,46.15,0.0,True,True,,"interactive, control"
l0hlxVNmJPI,eCloudvalley: Build Up An EnterpriseLevel IoT Platform In One Minute Mandarin,12,14,10,4,81.82,75.0,78.26,30.0,75.0,42.86,33.33,True,True,,data_ingestion
l0mvXogANE4,Smadex: Serving Billions of Ads with Amazon ElastiCache for Redis (Spanish),9,8,11,14,100.0,100.0,100.0,100.0,78.57,88.0,72.73,True,True,,"data_ingestion, interactive"
l3f29v3IJGA,Arvind Internet: Building a Multichannel Multitenant Platform with Kubernetes on AWS,9,9,10,15,66.67,85.71,75.0,20.0,13.33,16.0,100.0,True,True,,interactive
lA0lAgN0hTI,Irdeto: Multi DRM Solution with Kubernetes on Amazon EC2 and Amazon RDS,8,8,10,0,75.0,75.0,75.0,0.0,0.0,0.0,0.0,False,False,"gt_marked_unusable,gt_has_zero_edges",interactive
lHM96P5kP2k,Fyber: Ultra Scale Event Processing with Apache Spark on Amazon EKS with EC2 Spot Instances,11,11,13,14,80.0,100.0,88.89,69.23,64.29,66.67,77.78,True,True,,data_ingestion
lTSZT10JMQA,Klap: How to Build a Video Clipping Pipeline in Serverless (French),10,10,9,21,83.33,71.43,76.92,77.78,33.33,46.67,0.0,True,True,,compute_intensive
lecbHMBD8KQ,Kaleido: Blockchain Cloud at AWS Speed,12,12,7,8,100.0,100.0,100.0,71.43,62.5,66.67,100.0,True,True,,other
lkDq9g43djw,FINBOURNE: How Finbourne Assures Resiliency Through Chaos Engineering Events Every 17 min,7,5,4,4,100.0,100.0,100.0,75.0,75.0,75.0,100.0,True,True,,data_ingestion
m8CBJEyHKIM,Dream11: Building a Cost Effective Compute Model for Scaling Microservices,6,6,5,7,80.0,66.67,72.73,80.0,57.14,66.67,0.0,False,True,gt_marked_unusable,compute_intensive
m8xtR3-ZQs8,Biogen: Centralized Logging Solution for Multi Accounts,10,10,8,10,88.89,100.0,94.12,87.5,70.0,77.78,85.71,True,True,,data_ingestion
mKZw29_UtoU,Miriade: Forecasting and Real Time Tracking of the Car Parking Availability Italian,10,10,12,17,88.89,88.89,88.89,91.67,64.71,75.86,27.27,True,True,,"data_ingestion, interactive"
mT4KDGRgo4k,Heimdall Data: Scale-Out Amazon RDS with Strong Consistency,8,5,6,9,100.0,100.0,100.0,83.33,55.56,66.67,60.0,False,True,gt_marked_unusable,control
mZxF1IJEsaY,Zappos: Back Office Migration starring Amazon ECS and Amazon Aurora,8,8,8,8,100.0,100.0,100.0,100.0,100.0,100.0,50.0,True,True,,data_ingestion
mmM_JnYygZM,SHOPLINE: Building E-Commerce O2O platform on AWS (Cantonese),12,10,9,14,55.56,62.5,58.82,22.22,14.29,17.39,100.0,True,True,,interactive
mpgM2qeAfaQ,Brain Power Fidgetology: Automatic Analysis of Body Language Using Serverless and AI on AWS,11,9,10,10,55.56,62.5,58.82,20.0,20.0,20.0,100.0,True,True,,compute_intensive
mq3XuoN0rUM,ZS Associates: Intelligent Process Automation Using AWS AI Services,8,9,10,13,87.5,77.78,82.35,50.0,38.46,43.48,60.0,True,True,,compute_intensive
mtZvA7ARepM,Temenos: Building Serverless Banking Software at Scale,8,9,8,16,85.71,75.0,80.0,75.0,37.5,50.0,83.33,True,True,,interactive
mxKhbU_ToMs,MindTouch: Modernizing Legacy C Applications to  NET Core on AWS Lambda,9,9,9,13,100.0,100.0,100.0,100.0,69.23,81.82,33.33,True,True,,compute_intensive
nM-AkqNh7Yo,from scratch: Resource Manager Controls Task Distribution with Multiple Amazon EMR Clusters,11,8,15,10,100.0,100.0,100.0,40.0,60.0,48.0,33.33,True,True,,data_ingestion
nflGdpwbf54,Vertex Pharmaceuticals: A Serverless Platform for Small Molecule Search,8,8,10,11,87.5,87.5,87.5,70.0,63.64,66.67,42.86,True,True,,compute_intensive
nt4lQx6tAI8,The Wall Street Journal: Newsroom Enhances Real-Time Updates With AWS AppSync,10,10,12,20,88.89,88.89,88.89,75.0,45.0,56.25,77.78,True,True,,interactive
nvhG60gFbso,JFrog: Distribute Software Artifacts securely using SaaS Solutions,11,13,12,16,88.89,80.0,84.21,41.67,31.25,35.71,80.0,True,True,,interactive
oEmuI32GYww,LG Electronics  ThinQ: Data Lake Storage for Connected Devices,10,10,7,5,100.0,88.89,94.12,57.14,80.0,66.67,100.0,True,True,,data_ingestion
oTtPNgcZ05I,Roche: Enabling EnterpriseWide Analytics and ML with Automated Compliance,10,10,8,11,90.0,90.0,90.0,62.5,45.45,52.63,0.0,True,True,,control
ooVtAAoSH2k,CrowdStrike: Analyzing Telemetry Streams to Protect Cloud Endpoints,6,7,5,9,100.0,83.33,90.91,100.0,55.56,71.43,0.0,True,True,,data_ingestion
pCZ0bxgBL5c,Shin Software: How to Implement a Platform for the Creation of Interactive 3D Applications (Italian),7,8,8,15,83.33,100.0,90.91,87.5,46.67,60.87,71.43,True,True,,interactive
pZ7Lr94noLo,Aventri: SaaS Solution for Event Management,10,13,9,15,100.0,75.0,85.71,77.78,46.67,58.33,28.57,True,True,,interactive
phN08pi3YzY,Fiverr: Simplifying PCI DSS Compliance with Fully Managed Services,6,5,5,0,50.0,75.0,60.0,0.0,0.0,0.0,0.0,False,False,"gt_marked_unusable,gt_has_zero_edges",other
pk5yddJpC_8,Benevity: Centralized Logging for Multiple Compute Classes Using OpenSearch,9,9,8,10,83.33,83.33,83.33,87.5,70.0,77.78,85.71,True,True,,data_ingestion
pwxhclKcMas,Depop: RealTime Data Ingestion and Analysis,8,10,7,13,100.0,85.71,92.31,100.0,53.85,70.0,42.86,True,True,,"data_ingestion, compute_intensive"
qIO_54vJ_JI,Lancom Technology: Building a Scalable Video Conferencing Application,7,8,6,7,100.0,83.33,90.91,100.0,85.71,92.31,50.0,True,True,,data_ingestion
qN5-v4NlKac,Cookpad: Security Architecture to Monitor and Analyze Secure Logs using AWS (English),10,10,9,10,87.5,100.0,93.33,88.89,80.0,84.21,62.5,True,True,,data_ingestion
q_5U7z_vNug,"Flutura: Digital Twin - Shaping Operations for Maximizing Yield, Reliability and Net-Zero Goals",7,8,9,15,71.43,62.5,66.67,44.44,26.67,33.33,75.0,True,True,,data_ingestion
qgW8LQ8iBuA,Hancom: Building a Real-time Office Collaboration Service (Korean),11,10,5,4,62.5,71.43,66.67,40.0,50.0,44.44,50.0,True,True,,data_ingestion
qi017F1UwvM,Salesflo: Transforming FieldForce Operations Using EventDriven Architecture,17,17,17,24,92.86,92.86,92.86,64.71,45.83,53.66,36.36,True,True,,"data_ingestion, interactive"
qv9q0sFt6aY,LotteOn: BI Platform Using MicroStrategy Amazon Redshift and AWS Glue on AWS Korean,11,11,12,17,88.89,100.0,94.12,41.67,29.41,34.48,80.0,False,True,gt_marked_unusable,data_ingestion
r2xfxJ-sXMY,Haptik: Data Lake for Conversational AI,11,9,10,10,80.0,88.89,84.21,70.0,70.0,70.0,57.14,True,True,,data_ingestion
r3g1Nym-ebY,Volkswagen Financial Services: Scaling Their Managed Platform Services by 600,7,7,5,0,100.0,100.0,100.0,0.0,0.0,0.0,0.0,False,False,"gt_marked_unusable,gt_has_zero_edges",other
rHLuQTO6eoo,Insider: How We Ingest Billions of Data Points Daily to Power our Real-Time Products,9,10,12,14,100.0,87.5,93.33,83.33,71.43,76.92,90.0,True,True,,data_ingestion
rPGLNw1cOGM,3M: Parallel Serverless Workflows for Materials Science,8,8,12,20,83.33,83.33,83.33,91.67,55.0,68.75,81.82,True,True,,interactive
rRvy5Fbei1s,Dentsu Tracking: Using Serverless to Power an EU Government Supply-Chain Control System,11,13,11,13,100.0,90.0,94.74,81.82,69.23,75.0,55.56,True,True,,data_ingestion
ruOhUEooJH0,SK Telecom: EndtoEnd Cloud Management Platform on AWS Korean,10,11,8,6,88.89,72.73,80.0,37.5,50.0,42.86,100.0,False,True,gt_marked_unusable,other
sKksbPPDznM,Macquarie Bank: Securing Payment Websites at the Edge Serverless-ly (LIVE),6,6,6,8,66.67,66.67,66.67,50.0,37.5,42.86,33.33,True,True,,interactive
sQsAGl7mSQs,Eyeota: Scalable ML Model Lifecycle Management for Advertising Audience Discovery,11,12,13,24,100.0,83.33,90.91,76.92,41.67,54.05,40.0,True,True,,data_ingestion
sSa4ikC8-Jc,HMH: Lightweight PCI Compliance Infrastructure on AWS,13,11,12,24,100.0,100.0,100.0,83.33,41.67,55.56,70.0,True,True,,"interactive, control"
sezX7CSbXTg,Taco Bell: Order Middleware - Enabling Delivery Orders at Massive Scale,6,7,6,8,100.0,83.33,90.91,66.67,50.0,57.14,25.0,True,True,,interactive
tBavPTWewvI,ACV Auctions: Learn How ACV Scales to Serve Hundreds of Millions of Auction Requests Per Month,6,6,6,9,83.33,83.33,83.33,50.0,33.33,40.0,100.0,True,True,,interactive
tTQ36qQF_vA,AWS Solutions: MultiRegion Availability with Amazon DynamoDB Amazon S3 and Amazon Cognito LIVE,9,5,5,0,100.0,100.0,100.0,0.0,0.0,0.0,0.0,False,False,"gt_marked_unusable,gt_has_zero_edges",other
tVjrkpjWG5o,Pason Systems: Petabyte Scale Drilling Datamart on AWS LIVE,8,7,7,8,83.33,83.33,83.33,85.71,75.0,80.0,66.67,True,True,,"data_ingestion, compute_intensive"
twsGnp2X-aQ,Zillow: Building Speech Analytics Using AWS AI Services,6,7,5,8,100.0,71.43,83.33,100.0,62.5,76.92,60.0,True,True,,"data_ingestion, interactive"
u3ZwnulzLnU,SonarSource: Automatic Code Analysis in the Cloud with AWS,9,8,12,13,87.5,100.0,93.33,66.67,61.54,64.0,87.5,True,True,,data_ingestion
u5AT15mgbHk,The Trade Desk: Realtime Ad Bidding in the Cloud with AWS Global Accelerator LIVE,6,6,2,0,80.0,100.0,88.89,0.0,0.0,0.0,0.0,False,False,"gt_marked_unusable,gt_has_zero_edges",interactive
u9DZRkJxvWo,PwC: Building an Efficient Intelligent Serverless Pipeline for the Pharma Industry,8,2,7,1,25.0,100.0,40.0,14.29,100.0,25.0,100.0,False,True,gt_marked_unusable,data_ingestion
uBiaWJbTRsE,Western Union: Using Service Catalog to Share Applications,10,8,12,9,75.0,100.0,85.71,66.67,88.89,76.19,12.5,True,True,,control
uMX94Mn9u-4,Kmong: Enhancing Security by Leveraging AWSs Security EPICs Acceleration Program Korean,10,10,10,10,100.0,100.0,100.0,80.0,80.0,80.0,25.0,False,True,gt_marked_unusable,control
uNAmsoLed1E,Bajaj Housing Finance Limited: Serverless Data Pipelines with AWS Glue and Amazon Aurora PGSQL,10,10,7,15,85.71,66.67,75.0,57.14,26.67,36.36,100.0,True,True,,data_ingestion
uOSpWdAyrZo,HBO Max: Automating Remediation of AWS Resource Misconfigurations,9,8,9,7,100.0,100.0,100.0,77.78,100.0,87.5,28.57,True,True,,control
uQFtb0iMC_s,AWS Solutions: Media Analysis,9,8,11,9,88.89,100.0,94.12,81.82,100.0,90.0,55.56,True,True,,data_ingestion
uWUAcc68MWI,AWS Solutions: RealTime IoT Device Monitoring with Kinesis Data Analytics,12,11,10,15,88.89,88.89,88.89,80.0,53.33,64.0,75.0,True,True,,data_ingestion
uda9s3U7vFw,Tooso: How to Build a Serverless Pipeline for Data Ingestion and PreProcessing Italian,10,10,9,10,100.0,100.0,100.0,100.0,90.0,94.74,33.33,True,True,,data_ingestion
uhrheMJTV4A,Aizon: Seamlessly Integrating Data to Deliver Actionable Insights in Highly Regulated Industries,11,11,10,15,90.91,90.91,90.91,90.0,60.0,72.0,77.78,True,True,,data_ingestion
unF9tdYjqvU,Nexthink: Going Global with Amazon API Gateway AWS Transit Gateway AWS Lambda and Amazon DynamoDB,11,7,9,8,85.71,85.71,85.71,44.44,50.0,47.06,25.0,True,True,,other
unFVfqj9cQ8,Contino: Measuring and Communicating The Business Impact of Landing Zones with Flight Controller,8,8,5,7,100.0,100.0,100.0,80.0,57.14,66.67,75.0,True,True,,data_ingestion
vb-o1DvvHxk,Enoptea: PHP Layer for AWS Lambda French,11,10,14,11,88.89,88.89,88.89,57.14,72.73,64.0,62.5,True,True,,"data_ingestion, interactive"
vdujJAab1LM,ShopFully International Group: Serverless Global Log Ingestion  Analytics System Italian,8,9,7,10,100.0,88.89,94.12,100.0,70.0,82.35,85.71,True,True,,data_ingestion
vp2Ipv2_uCg,American Heart Assoc: 100 years of Content is Discoverable with Serverless & AI on AWS,10,10,6,0,80.0,88.89,84.21,0.0,0.0,0.0,0.0,False,False,"gt_marked_unusable,gt_has_zero_edges",data_ingestion
vp8oPiHN4cA,Novartis - Buying Engine: AI-powered Procurement Portal,9,14,11,19,100.0,90.0,94.74,45.45,26.32,33.33,80.0,True,True,,"data_ingestion, interactive"
vr00Jg_G6qs,Orion Health: Digital Front Door  Intelligently ConnectingConsumersto their Healthcare,12,11,10,14,85.71,75.0,80.0,40.0,28.57,33.33,100.0,True,True,,data_ingestion
w-qGSyzDL6g,Zillow: Near Real-Time Natural Language Processing (NLP) for Customer Interactions,11,12,10,16,100.0,81.82,90.0,80.0,50.0,61.54,62.5,True,True,,data_ingestion
wE3TmHxyRdA,Innovapost: Scaling to 5M Package Deliveries with Serverless,8,8,9,9,100.0,100.0,100.0,100.0,100.0,100.0,66.67,True,True,,control
wbh51O3QrE4,Mahindra Electric: Building a Connected Electric Vehicle Platform on AWS,10,10,11,10,80.0,80.0,80.0,54.55,60.0,57.14,83.33,True,True,,data_ingestion
wjtSHyENv0I,"Main Street America Insurance: The Independent Agent Portal, Breaking up the Monolith",8,8,9,14,85.71,85.71,85.71,66.67,42.86,52.17,83.33,True,True,,interactive
wtl7CrSQnHA,Fresenius Medical Care: Enabling Patient Care Solutions with Near Real-Time Data-Driven Insights,13,12,14,14,63.64,70.0,66.67,50.0,50.0,50.0,100.0,True,True,,data_ingestion
ww5fiygF6eg,Marathon Oil: Automating Drone Image Processing to Monitor Equipment Health,8,10,9,20,85.71,85.71,85.71,55.56,25.0,34.48,40.0,True,True,,"data_ingestion, interactive"
x76BIV88j_M,Cabify: Building a Massively Scalable Ride-Sharing Mobile App with Containers (Spanish),8,8,7,11,100.0,100.0,100.0,85.71,54.55,66.67,83.33,True,True,,interactive
xKaPAihW_gE,Mission: Gamified Platform Scaling with Amazon EKS,7,8,8,8,100.0,85.71,92.31,100.0,100.0,100.0,75.0,True,True,,compute_intensive
yPJf85tjv6M,HK01: Serverless Analytics for Clickstreams Analysis (Cantonese),11,11,10,13,100.0,88.89,94.12,70.0,53.85,60.87,42.86,True,True,,data_ingestion
yVgxqT1vikk,Intent: Analyzing Billions of Customer Events Per Day Using Serverless,9,10,9,16,100.0,87.5,93.33,66.67,37.5,48.0,100.0,True,True,,data_ingestion
yXpd8gPfows,Inawisdom: How Insurance Companies are Using IDP to Optimize Document Processing,9,9,13,19,100.0,100.0,100.0,84.62,57.89,68.75,72.73,True,True,,compute_intensive
zhCNn7v7mvs,CM Group: Building an Available Scalable Reliable Email Delivery System,9,8,10,11,85.71,85.71,85.71,70.0,63.64,66.67,85.71,True,True,,interactive
zmJ7rL1iQBY,Fidelity Investments: Using Containers at Scale with Amazon EKS,7,1,5,0,25.0,100.0,40.0,0.0,0.0,0.0,0.0,False,False,"gt_marked_unusable,gt_has_zero_edges",control
zqiNLMmEeSo,CloudPlex Media: FullyManaged Serverless Online Video Platform on AWS Korean,11,10,6,0,100.0,100.0,100.0,0.0,0.0,0.0,0.0,False,False,"gt_marked_unusable,gt_has_zero_edges",interactive
