video_id,title,language,categories,gt_usable,is_special,zero_edge_gt,gt_nodes,gt_edges,has_standard,has_parsimonious,in_paired_comparison,study_eligible,std_svc_f1,std_edge_f1,pars_svc_f1,pars_edge_f1
-3lnf5lzsH0,MakeMyTrip: Building Next Generation SOC,English,data_ingestion,True,False,False,13,16,True,True,True,True,80.0,32.0,95.65,64.29
-S-R7MWRpaI,mimik: Hybrid Edge Cloud Leveraging AWS to Support Edge Microservice Mesh,English,"data_ingestion,interactive",True,False,False,8,11,True,True,True,True,71.43,30.0,66.67,30.0
-ahWdCysMYw,Summit Technology Group: Building a Data Consumption Model for Multi-Tenant Applications,English,interactive,True,False,False,8,9,True,True,True,True,93.33,53.33,80.0,28.57
-kA0ahrhX3I,Oportun: Increasing the Accuracy of SensitiveData Discovery Using Amazon Macie,English,data_ingestion,True,False,False,9,8,True,True,True,True,92.31,50.0,71.43,46.15
-wLEkq21cvA,Versent: The Migration Factory,English,control,True,False,False,9,10,True,True,True,True,66.67,45.45,66.67,47.62
07lfvavMdfU,Levels Beyond: Digital Content Orchestration,English,data_ingestion,True,False,False,10,14,True,True,True,True,94.74,69.57,90.0,72.0
0F7KDLz-kIQ,"Zigbang: A Hybrid API of Serverless and ECS, Infra as a Code via CDK",English,interactive,True,False,False,13,28,True,True,True,True,90.91,63.64,83.33,57.78
0JxJpNjI9Y0,The Washington Post: Building a Content Management Platform with Speed at its Core,English,interactive,True,False,False,9,17,True,True,True,True,80.0,44.44,80.0,51.85
0gNMEyei-co,Infor: Ingest and Analyze Millions of Application Events Daily for Compliance Violations,English,data_ingestion,True,False,False,9,13,True,True,True,True,82.35,75.0,77.78,75.0
0wnNlOg42dc,Spyne.AI: High-Quality Product Visuals at Scale with AI on AWS,English,compute_intensive,True,False,False,8,12,True,True,True,True,94.12,76.19,94.12,76.19
1SwHH7qQ6Pc,Advance Local: Automating CrossTeam Collaboration with AWS Lambda,English,"interactive,control",True,False,False,10,13,False,False,False,False,,,,
1VcpCVe3tLQ,Swimming Australia: Going for Gold at the Olympics with Machine Learning,English,"data_ingestion,compute_intensive,interactive",True,False,False,12,13,False,False,False,False,,,,
1ZLiRT0C2Yo,T-Mobile: Standardized Container-Based Architecture That can be Automatically Deployed Anywhere,English,control,False,False,True,6,0,True,True,True,False,92.31,0.0,92.31,0.0
1aYoIZvabbk,OLX Autos: Building Developer Platform for Rapid Global Expansion,English,control,True,False,False,6,5,True,True,True,True,83.33,72.73,92.31,66.67
1kWxymroGeE,OutSystems: Decomposing a Data Monolith for Scale and MultiTenancy,English,control,False,False,False,5,4,True,True,True,False,90.91,66.67,90.91,53.33
1tGmQd0yOzE,Whirlpool: Resilient SAP on AWS,English,control,False,False,False,8,12,True,True,True,False,75.0,35.29,75.0,23.53
1xLjtJnfZes,MATTR: Building Digital Trust at Scale,English,interactive,True,False,False,8,6,True,True,True,True,80.0,54.55,80.0,54.55
2L0m28ZLmtE,Sanofi with TeamWork: OnDemand Data Science Environment,English,compute_intensive,True,False,False,13,11,True,True,True,True,96.0,69.57,96.0,86.96
2XVgpMwY5iE,Keen Eye: Building Deep Learning Models for Digital Pathology Image Analysis,English,data_ingestion,True,False,False,7,12,True,True,True,True,71.43,45.45,71.43,47.62
2e3vOxsHekE,Mueller Water Products: A Water Intelligent Platform,English,data_ingestion,True,False,False,6,6,True,True,True,True,83.33,72.73,83.33,60.0
2f_NYiPJQt4,Appway: Securing Sensitive Banking Workflows with Isolated Architecture on AWS,English,control,True,False,False,10,9,True,True,True,True,95.24,77.78,95.24,40.0
37T7Nd8pL-c,Docebo: How to Create Compelling e-Learning Videos from Documents via AI ML Services,English,control,True,False,False,8,12,True,True,True,True,92.31,42.11,85.71,40.0
3WgTBTDlQN8,FanFight: Building a Realtime Fantasy League Gaming Platform on AWS,English,"data_ingestion,interactive",True,False,False,9,14,True,True,True,True,66.67,41.67,66.67,43.48
3yJZ6rPoZfg,Hexagon HxDR: Cloud-Based Visualization of Spatial Data,English,compute_intensive,True,False,False,7,9,True,True,True,True,50.0,23.53,50.0,23.53
4-teOQ_dJvY,SBB Cargo: Data Collection and Processing with Serverless Analytics Services,English,data_ingestion,True,False,False,9,13,True,True,True,True,76.92,63.64,57.14,27.27
4WjXH8Wp0E4,Kainos: Kainos Advances Patient Care with Next Generation Interoperability Platform,English,"data_ingestion,interactive",True,False,False,14,22,True,True,True,True,88.89,64.71,88.89,58.82
4zVB5RbSTCo,Electroneum: Mobile Cryptocurrency Mining!,English,data_ingestion,True,False,False,9,14,True,True,True,True,94.12,60.0,100.0,72.73
53sUjFv9ByI,Neumora Therapeutics: Enabling DNA and RNA Data Insight for Rapid Genomics Sequencing Drug Discovery,English,data_ingestion,True,False,False,6,6,True,True,True,True,72.73,72.73,76.92,66.67
5CwIt-Alqhg,Accenture: Building a Blockchain Circular Supply Chain,English,data_ingestion,True,False,False,11,12,True,True,True,True,90.91,81.82,90.91,81.82
5EmA67lSJEs,Extreme Reach: The AdBridge Platform on AWS Handles 80%+ of all Commercials in the US,English,"compute_intensive,interactive",True,False,False,11,20,True,True,True,True,87.5,38.71,87.5,50.0
5QbKp0LQaZo,GumGum Verity: Low Latency Contextual Analysis and Data Privacy at Scale on AWS Outposts,English,compute_intensive,True,False,False,10,16,True,True,True,True,94.12,38.46,87.5,30.77
5f3z1Z_9BJA,Capgemini: Refactoring a Data Warehouse to Amazon Redshift,English,data_ingestion,True,False,False,11,17,True,True,True,True,85.71,71.43,85.71,80.0
5vR5aN_xdI0,Splunk: Data at Scale by Decoupling Compute and Storage LIVE,English,data_ingestion,True,False,False,9,10,True,True,True,True,92.31,58.82,92.31,28.57
62E9ggjGS8I,DISH Network: Building a Self-Service Portal to Create Multiple Accounts at Scale,English,other,False,False,False,7,9,True,True,True,False,100.0,61.54,83.33,30.77
66fPHLmvikk,ContentWise: How we Use Amazon SageMaker in Production Italian,Italian,control,True,False,False,7,8,True,True,True,True,83.33,55.56,83.33,60.0
66h7DrOEF5k,ABEJA: Building a Machine Learning Platform that Fully Utilizes Container Technologies Japanese,Japanese,compute_intensive,True,False,False,9,9,True,True,True,True,100.0,94.74,94.12,90.0
6CgqEzyWpeA,SundaySky: Create Personalized Videos in Real Time on GPU-based Spot Instances for Video Rendering,English,"compute_intensive,interactive",True,False,False,12,19,True,True,True,True,88.89,52.94,88.89,57.14
6EUknQqaV1w,CloudHealth by VMware: Secure State. Manages Over 50M Assets from Billions of Events on AWS,English,data_ingestion,True,False,False,9,11,True,True,True,True,92.31,60.0,92.31,81.82
6LcSv9XocTY,Intuit: Serving 7 Million Customers Using Amazon Connect,English,"data_ingestion,interactive",True,False,False,11,18,True,True,True,True,87.5,53.85,82.35,46.15
6YkguepAQuQ,Aetion: Deploy Applications  Provision Cloud Resources with AWS Developer Tools,English,control,True,False,False,10,10,True,True,True,True,100.0,57.14,100.0,42.86
6iK4WNj6QqI,Ticketmaster: Active-Active Multi-Region Checkout for Ticket Purchases,English,interactive,True,False,False,6,10,True,True,True,True,76.92,35.29,92.31,33.33
6sY0AunanlM,"NGINX: Deploy and Scale Applications with Ease Using AWS EKS, ECS and the NGINX Ingress Controller",English,control,False,False,True,4,0,True,True,True,False,80.0,0.0,80.0,0.0
6sew_hdI6cY,Triboo: Hosting Magento on Containers Italian,Italian,other,True,False,False,15,18,True,True,True,True,96.0,71.43,96.0,71.43
7LziNjUTo7w,IHS Markit: Virtual Instructor-Led Trainings with IHS Markit (now part of S&P Global),English,interactive,True,False,False,9,16,True,True,True,True,94.12,69.23,94.12,56.0
7V8wTCkjOqo,NAB: Automating Cloud Governance at the National Australia Bank,English,other,True,False,False,7,7,True,True,True,True,83.33,26.67,76.92,20.0
7dtomip_VXc,Akatsuki: Building Stable and Scalable Large Scale Game Servers with Amazon ECS (Japanese),Japanese,interactive,True,False,False,8,11,True,True,True,True,100.0,73.68,100.0,70.59
7wBOFcP1HwA,Seera Group: Transforming Online Travel Booking with Microservices (Arabic),Arabic,interactive,True,False,False,10,10,True,True,True,True,84.21,63.16,73.68,40.0
8TExnSvZqt0,AxiomSL's RegCloud®️: Secure & Scalable Risk & Regulatory Reporting on AWS,English,other,False,False,True,11,0,True,True,True,False,100.0,0.0,81.82,0.0
8ZRWzn0G39g,Replicon: MultiTenant SaaS Solution with Bring Your Own Key BYOK Encryption for Enterprises,English,interactive,True,False,False,12,38,True,True,True,True,70.59,28.0,58.82,12.77
8s0wGRkiDrw,Mobilewalla: S3 Access Monitoring Using ML,English,data_ingestion,True,False,False,5,4,True,True,True,True,100.0,80.0,75.0,36.36
9-6hQdFeolc,Lyniate: Scaling Healthcare Data Exchange At Scale with Tenant Isolation,English,"interactive,control",True,False,False,8,8,True,True,True,True,76.92,28.57,76.92,28.57
9-a9Y5THTYo,Vitesco Technologies Cloud Foundation: A Scalable and Automated Cloud Landing Zone,English,control,True,False,False,7,6,True,True,True,True,76.92,71.43,66.67,57.14
90rWUjKjnAE,amazee.io: Kubernetes Deployments Made Easy,English,control,True,False,False,8,10,True,True,True,True,85.71,73.68,85.71,66.67
99nNHsbwBpg,SkyScanner: Building HighlyAvailable MultiRegion Kubernetes Clusters on 100 Amazon EC2 Spot,English,interactive,False,False,True,2,0,True,True,True,False,50.0,0.0,50.0,0.0
9Cg81Xgg7LQ,Pushpay Holdings Ltd : Strangling a Monolithic Application While Moving to Microservices on AWS,English,other,True,False,False,7,7,True,True,True,True,100.0,71.43,100.0,83.33
9JwZKseE9lc,This is My Architecture: Security Customer Spotlight,English,control,False,True,False,2,1,False,False,False,False,,,,
9LhiUsg3knw,Musixmatch: How Content is Generated by Users Italian,Italian,"data_ingestion,compute_intensive",False,False,False,13,8,True,True,True,False,90.0,52.63,80.0,23.53
9qTEHITVeLE,Majid Al Futtaim: Building a Custom Data Management Solution on AWS,English,"data_ingestion,interactive",True,False,False,9,14,True,True,True,True,80.0,40.0,80.0,61.54
9yziTe6lBwk,Ânima Educação: Digitizing Student Experience for Colleges in Brazil,English,interactive,True,False,False,10,16,True,True,True,True,90.0,64.0,90.0,64.0
A4Lfk1Zz1dE,Spot.io: Optimizing Cloud Infrastructure Through Secure Cost Aware Automation,English,control,True,False,False,8,5,True,True,True,True,100.0,16.67,100.0,33.33
AS2JeM2FUzE,Intellect Design Arena: Insurance Risk Assessment with Intellect FABRIC Data Services,English,"data_ingestion,interactive",True,False,False,9,12,True,True,True,True,88.89,72.73,84.21,69.57
AzM_d7ZvzUE,Epsagon: Automatically Tracing and Analyzing Billions of AWS Serverless Events,English,data_ingestion,True,False,False,11,20,True,True,True,True,100.0,70.97,87.5,38.71
BPvr0qWpJlA,ContactSuite: Automated Omni-Channel Service Desk Workflow,English,interactive,True,False,False,10,9,True,True,True,True,58.82,37.5,70.0,30.0
BX1K8x1lVLc,"Love, Bonito: Achieving Scalability Using Magento with Kubernetes",English,interactive,True,False,False,8,14,True,True,True,True,100.0,72.73,87.5,63.64
BZ32w0SSAoY,PixelStrings by Cinnafilm: A Flexible & Scalable Platform for Video Audio Optimization & Conversion,English,compute_intensive,True,False,False,7,19,True,True,True,True,80.0,60.0,80.0,51.85
BgT_bDAejSQ,GoDaddy: Empowering Agility with ZeroTrust Environment Best Practices,English,control,False,False,False,2,1,True,True,True,False,28.57,0.0,28.57,0.0
Bi-1xjXvKgs,tixCraft: Handling Millions of Ticketing Requests with AWS,English,interactive,True,False,False,5,6,True,True,True,True,75.0,46.15,75.0,46.15
BlCXEMp_lqY,Vizio: Smart TV Analytics at Scale,English,data_ingestion,True,False,False,6,9,True,True,True,True,100.0,71.43,83.33,42.86
CDCLwX2fo2g,Ztore: Building a Recommendation System on AWS (Cantonese),English,"compute_intensive,interactive",True,False,False,8,14,True,True,True,True,92.31,63.64,92.31,75.0
CE03UMddoYU,WEGoT aqua: Scaling IoT Platform for Water Management & Sustainability,English,data_ingestion,True,False,False,10,12,True,True,True,True,82.35,72.73,82.35,75.0
CTG23wd9H74,3M: Building an HPC Modeling Platform to Simplify AWS Usage for Scientists and Engineers,English,interactive,True,False,False,8,11,True,True,True,True,93.33,70.0,93.33,73.68
Ccutfm_Srzw,Zulily: A Compelling Suggestive Search Experience Using Amazon DocumentDB with MongoDB Compatibility,English,interactive,True,False,False,11,14,True,True,True,True,85.71,81.48,92.31,45.45
Cgv0kfp_6xQ,Snap: Journey of a Snap on Snapchat Using AWS,English,interactive,True,False,False,10,14,True,True,True,True,100.0,83.33,100.0,83.33
CsD5bmM6mpY,Linke - a Syntax Company: Building a Business Continuity Framework for SAP (Spanish),Spanish,control,True,False,False,6,7,True,True,True,True,92.31,53.33,92.31,42.86
Cw26CrJUqv8,Salesforce: Automating SaaS Application Connectivity,English,other,True,False,False,10,9,True,True,True,True,94.12,88.89,88.89,84.21
D6rG9eZ5Qus,Graham Media Group: Modernizing Traditional Broadcasting with AWS,English,interactive,True,False,False,9,9,True,True,True,True,77.78,58.82,77.78,58.82
D77FSUkPJ3o,"Avio Aero, a GE Aviation Business: Serverless Application to Manage Expense Purchase Approvals",English,interactive,True,False,False,8,12,True,True,True,True,85.71,54.55,85.71,54.55
D9qTotVJYss,HBO Max: Using Canaries for Outside-in Validation,English,data_ingestion,True,False,False,6,10,True,True,True,True,90.91,53.33,76.92,50.0
DAJZAygxDZA,BASF Digital Farming: Productionizing ML with a Cross-Account Model Deployment Solution,English,control,True,False,False,8,15,True,True,True,True,80.0,40.0,72.73,16.67
D_4dsXVqzMs,Met Office: Building an Entirely Serverless National Severe Weather Warning System on AWS,English,control,True,False,False,7,10,True,True,True,True,83.33,58.82,83.33,62.5
DkPPwq517aE,Enimbos:Creating a Saving Costs Management Platform using Serverless Compute Engine on AWS Span ,English,"interactive,control",True,False,False,10,14,True,True,True,True,100.0,78.26,100.0,78.26
DnTQ3matqts,ecofit: Responsive Lambda-based Microservices at Scale (LIVE),English,"data_ingestion,interactive",True,False,False,14,14,True,True,True,True,84.21,53.85,84.21,50.0
Dp3YAxFp-YM,Alef Education: Building an Adaptive Learning System for K12 Students using AWS,English,"data_ingestion,compute_intensive",True,False,False,10,14,True,True,True,True,94.12,72.0,94.12,69.57
DrkaU99l9S8,L&T Technology Services: Monitor & Analyze the Health of Industrial Equipment Using LTTS UBIQWeise,English,data_ingestion,True,False,False,12,13,True,True,True,True,76.19,64.0,76.19,53.85
DxHO2TWVN8I,Equinix: Massive Data Ingest  Analytics with Serverless Cloud Application Architectures on AWS,English,data_ingestion,True,False,False,10,19,True,True,True,True,88.89,46.67,90.0,50.0
Dxq_U1TNx1s,TCS: GeoSpatial Data Analysis Using TCS Digital Platform for NextGen Agriculture DNA,English,"data_ingestion,compute_intensive",True,False,False,11,17,True,True,True,True,63.16,42.86,63.16,42.86
E68ufJOduio,"Cohesity: Helios! Learn How to Back-up, Scale, Secure and Simplify Your Workloads on AWS",English,other,False,False,True,9,0,True,True,True,False,100.0,0.0,100.0,0.0
E8BGpIxzYc4,TownSq: Providing Performance Insights to Community Managers,English,data_ingestion,True,False,False,10,11,True,True,True,True,77.78,57.14,77.78,54.55
E8wYXtvGy5k,Freightways: Delivering 50M packages with Serverless Tracking Solution,English,interactive,True,False,False,10,12,True,True,True,True,100.0,85.71,85.71,76.19
EW4X5z7m-0U,Vanguard: A Modern Network TAP Solution for The Cloud,English,data_ingestion,True,False,False,9,11,False,False,False,False,,,,
EiljRL0977M,Neumora Therapeutics: Advanced MRI Precision Medicine and Brain Data Analysis Visualization at Scale,English,compute_intensive,True,False,False,7,13,True,True,True,True,85.71,44.44,85.71,42.11
Eoq7E6jMtBs,Orangetheory Fitness: Using Chime SDK to Power Coach-led Virtual Workouts with OTlive,English,interactive,True,False,False,10,20,True,True,True,True,94.74,54.55,94.74,45.16
ErXwuwF2mRU,Tapestry: Machine Learning and Analytics for the Fashion Industry on AWS,English,data_ingestion,True,False,False,9,10,True,True,True,True,84.21,42.11,90.0,50.0
F4KDOGNpSoI,Pernod Ricard: Shortening URLs on a Global Scale with Low Latency French,French,"data_ingestion,interactive",True,False,False,14,19,True,True,True,True,91.67,76.47,100.0,85.71
FHdtOtznWuA,"SoftChef: Building AWS Iot Application Using an Innovative, Fully Serverless Architecture (Mandarin)",Mandarin,control,True,False,False,10,18,True,True,True,True,82.35,56.0,94.74,43.48
Fd2c7NDYfpo,"Publicis Sapient: A Secure, Scalable & Self-provisioning Process to Create 20,000 accounts with AWS",English,control,True,False,False,8,12,True,True,True,True,85.71,60.0,85.71,60.0
Felt-hOU6kU,Xero: Building a Scalable Self-Service Portal for Thousands of Developers Provisioning Resources,English,control,True,False,False,7,4,True,True,True,True,85.71,66.67,85.71,66.67
FfSNnH2bbNc,Carbon by Indigo: Carbon Credits for Regenerative Agriculture,English,"data_ingestion,interactive",True,False,False,8,19,True,True,True,True,87.5,68.75,87.5,57.14
FftalZUxyiM,CEPSA: Finding the Best Internal Talent Using Amazon Neptune Spanish,Spanish,data_ingestion,True,False,False,9,14,True,True,True,True,92.31,66.67,92.31,66.67
FmhL2334GIY,New Relic: Automated Monitoring on AWS with New Relic Synthetics,English,other,True,False,False,10,11,True,True,True,True,60.0,30.0,72.73,38.1
FqCs3BD6qvo,Accellion kiteworks: Cost-Effective CI CD Platform Using Amazon EC2 Spot,English,control,True,False,False,6,10,True,True,True,True,88.89,33.33,80.0,35.29
G07keU4g-LU,Jubilant FoodWorks: Driving a Quality Customer Experience Using Data Lake,English,data_ingestion,True,False,False,10,21,True,True,True,True,70.59,36.36,77.78,37.5
G5tNCpmD2uQ,Voodoo: Perform Recommendations Using Machine Learning (French),French,interactive,True,False,False,9,12,True,True,True,True,93.33,44.44,100.0,52.63
GJ1So_pbZWk,Taysols: Next Best Offer Recommendation System using Amazon SageMaker,English,data_ingestion,True,False,False,9,23,True,True,True,True,82.35,48.48,82.35,48.48
Gds8hl8dKuo,Fugue: Staying in Compliance by Automating Drift Detection,English,control,True,False,False,8,12,True,True,True,True,80.0,47.62,87.5,31.58
GoziWpmFCS0,iRobot: Serverless Data Cataloging for Data Scientists,English,data_ingestion,False,False,False,4,2,True,True,True,False,100.0,40.0,75.0,30.77
GxjMSvwcgvw,Sopra Banking Software: Secured & Industrial Microservices for a Digital Banking Engagement Platform,English,interactive,True,False,False,8,13,True,True,True,True,66.67,50.0,66.67,50.0
H2fOkeXxpyw,Atlassian: Secure Code Invocation at Scale with Atlassian Forge on AWS,English,control,True,False,False,8,10,True,True,True,True,83.33,70.59,100.0,82.35
H51Ups01ZpU,AT&T: Bringing IoT to the Enterprise,English,interactive,False,False,True,6,0,True,True,True,False,92.31,0.0,92.31,0.0
H_S7CxtHgSM,Raiffeisen Bank International: Automated Integration of OnPremises Key Management with AWS KMS,English,other,True,False,False,11,12,True,True,True,True,82.35,56.0,82.35,56.0
HcmEFZukA-Y,7-Eleven: Innovation with Serverless for Cash-Based Digital Wallet,English,interactive,True,False,False,9,15,True,True,True,True,100.0,88.89,100.0,66.67
HrYfdnPp6qs,STAX: AWS Automated Data Analytics,English,data_ingestion,True,False,False,10,9,True,True,True,True,93.33,57.14,93.33,57.14
HwHVFWdczVw,MailUp Group: Marketing Campaign Planning and Management Italian,Italian,interactive,True,False,False,9,9,True,True,True,True,94.12,94.12,84.21,84.21
INog0_9tCtY,Threat Stack: Proactive Risk Identification and Real-time Threat Detection across AWS,English,data_ingestion,True,False,False,14,19,True,True,True,True,77.78,40.0,88.89,53.33
IP03SkGbP-U,Astana International Exchange: Running a Stock Exchange in the Cloud,English,interactive,True,False,False,8,7,True,True,True,True,87.5,62.5,87.5,62.5
IV3KuMGVNXI,Deep Instinct: Collecting RT Statistics and Applying RT Decisions with Lambda@Edge,English,interactive,True,False,False,7,17,True,True,True,True,100.0,43.48,100.0,36.36
ItpY_KKR94k,The Orchard: How the 'Kafka Data Highway' Boosts Developer Productivity & Enables Business Processes,English,data_ingestion,True,False,False,8,7,True,True,True,True,76.92,71.43,85.71,80.0
J4vHfpL66Zk,Lean Grids Services: Adaptable Data Platform Based on a Serverless Architecture Spanish,Spanish,data_ingestion,True,False,False,10,17,True,True,True,True,94.74,78.57,94.74,74.07
JG5p-i8Cr2E,ZS Associates: Building a SelfService Enterprise Data Engineering Platform,English,control,True,False,False,11,24,True,True,True,True,100.0,63.16,90.0,54.05
JRDGId6N49E,TRI-AD: Large-Scale and High-Performance Distributed Training Platform,English,compute_intensive,True,False,False,6,3,True,True,True,True,80.0,28.57,80.0,33.33
JSBB-BCvavQ,Talabat: Applying the Right Strategies for a Successful Migration,English,other,False,False,True,5,0,True,True,True,False,76.92,0.0,76.92,0.0
JVcKidzqpYY,Aramex: Leveraging AI ML to Enhance Customer Experience,English,"data_ingestion,interactive",True,False,False,9,13,True,True,True,True,88.89,69.57,88.89,69.57
JYeXbUdFOdw,Noventiq: Harnessing Search and Analytics with Event-Driven Architecture on Amazon OpenSearch,English,"data_ingestion,interactive",True,False,False,8,14,True,True,True,True,85.71,51.85,80.0,40.0
JcHSFIZMYHc,CleverTap: Building a Fully Version Controlled Infrastructure as Code on AWS,English,control,True,False,False,8,9,True,True,True,True,100.0,94.12,100.0,94.12
JiWHomdh1oI,Datacoral: Using Serverless to Create Data Pipelines,English,data_ingestion,True,False,False,7,11,True,True,True,True,80.0,76.19,80.0,80.0
Jkx6kVbDpL4,Nielsen: Processing 55TB of Data Per Day with AWS Lambda,English,data_ingestion,True,False,False,13,17,True,True,True,True,76.92,77.42,85.71,84.85
Jz2RPRhF6Fs,Accolade: Security and Operational Excellence in Healthcare LIVE,English,interactive,True,False,False,10,13,True,True,True,True,88.89,72.73,100.0,81.82
K27WjYwyqw8,Next Caller: Phone Caller Fraud Detection with AWS Sagemaker,English,interactive,True,False,False,8,11,True,True,True,True,85.71,70.0,92.31,73.68
K5ww_O4vsxo,Samsung Cloud: Global Hybrid Network Optimization Across 5 AWS Regions Using AWS Transit Gateway,English,control,False,False,False,15,52,True,True,True,False,66.67,28.57,66.67,28.57
KM5ONS2fnG0,HP: Serverless Data Pipeline to Process Manufacturing Data From Assembly Lines in Near Real-Time,English,data_ingestion,True,False,False,10,20,True,True,True,True,77.78,48.28,77.78,42.86
KQ6Fg206O9U,VietJet: Proactively Defending Your Systems from Bad Bots,English,data_ingestion,True,False,False,10,14,True,True,True,True,84.21,48.0,90.0,72.0
Kebb0LOVC28,Openfit: ChatOps with Slack and AWS Lambda,English,control,True,False,False,9,21,True,True,True,True,76.92,37.04,76.92,37.04
KgRib8AM0fs,Hudl: Ingesting and Transcoding Video Data Using AWS,English,compute_intensive,True,False,False,7,8,True,True,True,True,62.5,23.53,71.43,13.33
KiH7hVJKzns,ADP: Unmatched People Data for Extraordinary Outcomes,English,interactive,True,False,False,8,14,True,True,True,True,100.0,69.57,82.35,58.33
Kp088QTRmLk,NewsUK: Rendering News Content with GraphQL and a Serverless Architecture,English,interactive,True,False,False,9,10,True,True,True,True,92.31,94.74,80.0,80.0
Kp51k6LY-2c,Toyota Motor NA: Lake House Architecture for Data and Analytics,English,data_ingestion,True,False,False,8,16,True,True,True,True,87.5,50.0,80.0,36.36
KywvGM6HVXI,Capillary Technologies: Building an OmniChannel Data Ingestion Platform,English,data_ingestion,True,False,False,11,22,True,True,True,True,88.89,60.61,77.78,48.48
KzJKdUZ3Ba4,PwC: Streamlining Asset Tracking with Amazon Managed Blockchain,English,interactive,True,False,False,4,6,True,True,True,True,66.67,20.0,57.14,20.0
LD5ksgnu8r8,DXC: Claims Automation Using Amazon Textract and Amazon Comprehend,English,compute_intensive,True,False,False,11,13,True,True,True,True,73.68,64.0,73.68,54.55
LPZlrX2cNjo,RedBus: Building Optimized ML Models with Amazon SageMaker,English,compute_intensive,False,False,False,4,4,True,True,True,False,75.0,25.0,100.0,50.0
LYP98nPBj2A,Singtel: Next-Generation Mobile Financial Services Platform on AWS and Amazon Aurora PostgreSQL,English,interactive,True,False,False,5,8,True,True,True,True,66.67,46.15,80.0,40.0
LxeSC3-xMlk,St. Louis University: Using Amazon Lex to Answer Students' Questions Through Alexa and a Mobile App,English,interactive,True,False,False,8,15,True,True,True,True,94.12,60.87,94.12,58.33
Ly_UhX3LCCs,AWS Solutions: Simple and Secure Media Exchange on AWS,English,other,True,False,False,7,7,True,True,True,True,88.89,42.86,100.0,47.06
M_hqigB9C4I,Innovaccer: Deriving Insights from Healthcare Data to Empower Care Teams,English,"data_ingestion,compute_intensive",True,False,False,9,16,True,True,True,True,75.0,33.33,62.5,25.0
MbkLJ62jtMc,Mueller Water Products: Scalable Ingestion of Sensor Data for Municipal Water Conservation LIVE,English,control,True,False,False,6,4,True,True,True,True,76.92,60.0,71.43,54.55
N0NBhnxez00,This is My Architecture: Analytics Customer Spotlight,English,control,False,True,False,2,1,False,False,False,False,,,,
N2mktbl8EQk,An Under the Hood Tune Up with AWS DeepRacer,English,compute_intensive,True,False,False,6,9,True,True,True,True,66.67,28.57,83.33,42.86
NfUwtK8ALtw,MX Player: Achieving Massive Scalability Using Amazon EKS with Spot Instances,English,compute_intensive,True,False,False,9,16,True,True,True,True,80.0,22.22,93.33,35.71
O11BgSm7V14,HeyJobs: Moving to a Serverless Data Platform to Process and Enrich Over 3 Million Records a Day,English,data_ingestion,True,False,False,10,13,True,True,True,True,80.0,72.73,80.0,44.44
O5Sn5QCEAzE,Credimi: Processing and Metadata Extraction of Invoices for Factoring Italian,Italian,data_ingestion,True,False,False,7,9,True,True,True,True,92.31,50.0,100.0,87.5
OQKOHNtyz3E,Vodafone NZ: Data Driven Omni Channel Contact Center via Automation and Continuous Improvement,English,interactive,True,False,False,11,24,True,True,True,True,94.74,50.0,88.89,51.43
OWLGK-eVrTw,Heimdall Data: Query Caching Without Code Changes,English,interactive,True,False,False,6,16,True,True,True,True,72.73,9.09,72.73,9.09
OmVQ6pNDbaY,Solarwinds: Monitoring Kubernetes Clusters on AWS,English,other,False,False,True,2,0,True,True,True,False,80.0,0.0,80.0,0.0
OrC9cLYMbas,Telecoming: How To Save Up to 70% Using Fargate Spot on a Test Automation Platform (Spanish),Spanish,control,True,False,False,5,7,True,True,True,True,90.91,36.36,83.33,18.18
OuQvFd44vw4,econda GmbH: Building a RealTime Personalization Engine with Amazon Sagemaker and AWS ECS,English,"compute_intensive,interactive",True,False,False,10,9,True,True,True,True,93.33,70.0,87.5,77.78
Ozbv9qBsDG8,Clumio: Enterprise Backup as a Service with an AlwaysOn Security Model,English,other,True,False,False,11,17,True,True,True,True,94.12,48.0,84.21,48.28
PBa68gCG0Uk,Launchmetrics: How Launchmetrics Produces Fashion Luxury and Beauty Data Insights for 1B Users,English,data_ingestion,True,False,False,7,7,True,True,True,True,80.0,76.92,90.91,76.92
Pc7_uOdlGKo,Panasonic Avionics: Weather Data and ML Models Improve In-Flight Entertainment Customer Satisfaction,English,data_ingestion,True,False,False,9,9,True,True,True,True,85.71,87.5,87.5,88.89
PgeQufaQy7I,"MindTickle: Building a Secure, Automated, Multi-Region Architecture on AWS",English,interactive,True,False,False,8,8,True,True,True,True,80.0,71.43,93.33,85.71
PoYiSKUy8sE,Alert Logic: Scaling Storage and Delivery of Petabytes of Search Data,English,"data_ingestion,interactive",True,False,False,14,19,True,True,True,True,87.5,62.07,75.0,41.38
Q6r_QbYXFpg,SynchroNet: Extending User Automation and Amazon WorkSpaces Provisioning with AWS Step Functions,English,other,True,False,False,11,9,True,True,True,True,100.0,100.0,100.0,100.0
QJZHs1CSxu0,Define Media: How Define Media Places Ads with Low Latency Using Sophisticated Machine Learning,English,compute_intensive,True,False,False,6,6,True,True,True,True,83.33,50.0,100.0,83.33
QM96Fv_NAnw,INT: Seismic Data Visualization Platform Designed for Cloud,English,interactive,True,False,False,7,6,True,True,True,True,92.31,42.86,92.31,54.55
QOtCpD23118,LeasePlan: Leverages Serverless to Increase Driver Safety Reduce Fleet Costs and Lower Risk,English,data_ingestion,True,False,False,11,10,True,True,True,True,75.0,72.73,75.0,76.19
Qi9soN5bpU4,ITTStar: AIpowered Search and Discovery of Luxury Goods for Retailers and Wholesalers,English,interactive,True,False,False,8,10,True,True,True,True,100.0,82.35,100.0,75.0
QnmmTIYZxNI,Adobe: Simplifying Networking Across Thousands of AWS Accounts with AWS Transit Gateway LIVE,English,other,False,False,False,8,6,True,True,True,False,100.0,72.73,100.0,36.36
QnwfcDZkwh8,Mediaset: Achieving an Omni-Channel Broadcasting Voting System Near Realtime at Scale,English,interactive,True,False,False,13,18,True,True,True,True,78.26,66.67,86.96,57.14
QuyZHin9B70,Veritas: Architecting a Global File System with AWS Storage and InfoScale,English,other,False,False,True,4,0,True,True,True,False,80.0,0.0,66.67,0.0
Qz8uXtDC1bY,Fundbox: Simplifying Ways to Query and Analyze Data by Different Personas - Go Serverless!,English,compute_intensive,True,False,False,14,17,True,True,True,True,100.0,81.25,95.24,81.25
R-DPMUjZEf4,Logicworks: HIPAA Compliance and SSL Termination with Thousands of Certificates,English,other,True,False,False,7,6,True,True,True,True,88.89,90.91,80.0,83.33
RCWl0rf8lpE,Cognizant: Beyond Prediction with a Unique Evolutionary AI Platform,English,compute_intensive,True,False,False,7,10,True,True,True,True,100.0,82.35,88.89,76.19
RU__HBEMDvQ,BookMyShow: How BMS Scaled Data Analytics to Handle 28M Ticket Sales with Modern Data Architecture,English,data_ingestion,True,False,False,9,10,True,True,True,True,82.35,35.29,82.35,58.82
RxAmb57NCPM,Zalando: Highly Scalable Data Processing Pipeline,English,data_ingestion,True,False,False,13,12,True,True,True,True,90.91,78.26,90.91,78.26
S-JSSZZaa94,Samsung Health: Scaling Mobile Application Development with Amazon EKS,English,interactive,True,False,False,8,11,True,True,True,True,76.92,31.58,76.92,42.86
S85DeDgWQSc,San Diego Gas & Electric: Using Image Recognition and Machine Learning to Reduce Wildfire Risk,English,data_ingestion,True,False,False,12,14,True,True,True,True,85.71,58.33,85.71,58.33
SC6n6J8Bi58,EMnify: Building a Cloud Native Mobile Network for IoT Leveraging AWSs Global Infrastructure,English,interactive,True,False,False,11,15,True,True,True,True,87.5,50.0,75.0,50.0
SSWwnNVYi_Q,NHS Digital: From 137 Minutes to 137 Seconds Using EMR,English,data_ingestion,True,False,False,8,10,True,True,True,True,92.31,53.33,85.71,50.0
SpIlpGxuwFM,Northwestern Mutual: Reducing CI CD Cycle Time with Automation Using AWS CDK Serverless Architecture,English,other,True,False,False,8,8,True,True,True,True,87.5,66.67,87.5,66.67
StSuG6-iKW4,ThingCo: Billions of Data Points Per Day with a NextGeneration Serverless Telematics Platform,English,interactive,True,False,False,10,7,True,True,True,True,84.21,53.33,84.21,53.33
SxFag4CMWU8,Sisense: Using Amazon EKS and FSx for Lustre for Multi-Source Data Ingestion and Presentation,English,data_ingestion,True,False,False,11,14,False,False,False,False,,,,
T048vs9p1h4,DBS Bank: Scalable Serverless Compute Grid on AWS,English,compute_intensive,True,False,False,12,23,True,True,True,True,87.5,68.42,87.5,48.48
TTlyNWh0gjM,Zoho Site24x7: Building Scalable Realtime User Monitoring Systems on AWS,English,control,True,False,False,11,15,True,True,True,True,80.0,41.67,62.5,41.67
U1P8vZTEB-k,GSR: A Crypto Market Maker and Ecosystem Partner,English,"compute_intensive,control",True,False,False,12,14,True,True,True,True,86.96,51.85,90.91,74.07
U1kY6nSS2YQ,Amdocs: DevOps Ecosystem Setup for Telco using Kubernetes-Based Microservices Platform,English,other,False,False,False,11,18,True,True,True,False,80.0,27.27,87.5,27.27
U8xlmurP-6o,Simplex: Building a Scalable Serverless Cryptocurrency Platform,English,interactive,True,False,False,10,10,True,True,True,True,100.0,80.0,100.0,84.21
Ujs9o3CXUTU,Telefónica Tech AI of Things: Providing Data Insights and ML to Organizations with AI Suite (Span.),English,other,False,False,False,8,2,True,True,True,False,82.35,28.57,73.68,25.0
UsngU-HjH_Q,ViacomCBS: Multiplatform Distribution Powered by AWS,English,control,True,False,False,9,10,True,True,True,True,87.5,30.0,77.78,10.0
Vrx9csoawWc,FINRA: Petabyte-Scale Data Analysis on AWS,English,data_ingestion,True,False,False,7,21,True,True,True,True,83.33,38.71,66.67,32.26
W5qVQr-n5M8,FICO: Fraud Detection and AntiMoney Laundering with AWS Lambda and AWS Step Functions,English,compute_intensive,True,False,False,10,20,True,True,True,True,80.0,55.17,75.0,53.33
W96L6ICcF3s,Samsung Electronics: Samsung Developer Portal Using Serverless Container Services,English,interactive,False,False,True,7,0,True,True,True,False,80.0,0.0,80.0,0.0
WS2Qgx0qgCM,Airbnb: Securing MultiTenant Kubernetes Clusters at Scale,English,control,True,False,False,6,8,True,True,True,True,90.91,40.0,100.0,93.33
WYK-smWKywA,SGX: Building & Securing a One Stop App for Retail Investors on AWS,English,interactive,True,False,False,11,23,True,True,True,True,78.26,47.06,78.26,47.06
WZ4YL4Z177Q,Delhivery: Building a Supply Chain Technology Platform for Speed  Network Optimization,English,"data_ingestion,interactive",True,False,False,12,14,False,False,False,False,,,,
Wk9mCHyjtBU,Veracode: Eliminating Application Security Bugs Through DevSecOps at Scale,English,"compute_intensive,interactive",True,False,False,10,16,True,True,True,True,93.33,54.55,87.5,50.0
WtCfHP6rUAY,Coople: Serverless CQRS and Event Sourcing,English,"interactive,control",True,False,False,11,13,True,True,True,True,83.33,76.19,76.92,60.87
Wur1GWB03hk,Lockheed Martin: Using Alexa for Business to Securely Access Program Management Status,English,interactive,True,False,False,9,14,True,True,True,True,100.0,78.26,100.0,44.44
WxMBuBBIwpI,NextRoll: Driving OpEx Efficiency for Ad Bidding Engines LIVE,English,data_ingestion,True,False,False,6,7,True,True,True,True,66.67,33.33,83.33,66.67
X3mC6Yfd138,PredictHQ: Global Demand Intelligence for Data at Hyperscale,English,data_ingestion,False,False,False,9,10,True,True,True,False,57.14,0.0,57.14,0.0
XG6mHvi4eNU,Avaloq: Automating the Provisioning of a Bank-in-a-Box in Minutes Using Amazon EKS,English,control,True,False,False,6,10,True,True,True,True,83.33,62.5,100.0,75.0
XGVWdSnml6A,Toyota Research Institute: On-Demand Self-Service Portal for Data Scientists to Process Data Sets,English,compute_intensive,True,False,False,7,8,True,True,True,True,76.92,26.67,66.67,26.67
XUCGMzLx8wY,Mytona: How a ML Recommendation System was Built for Gaming,English,data_ingestion,True,False,False,8,9,True,True,True,True,80.0,47.06,93.33,47.06
XgJUsBDQILQ,Klika Tech and Stonehenge: Smart Apartments with Alexa  AWS IoT Special Episode,English,data_ingestion,True,True,False,9,8,False,False,False,False,,,,
Xi6tDqctLsY,Salary Overflow: Bringing Transparency to Tech Salaries,English,interactive,True,False,False,8,16,True,True,True,True,100.0,66.67,100.0,76.92
XmIhHtPJWog,HDI Group: Automated Security and Compliance Issue Remediation Using Cloud Native Services,English,interactive,True,False,False,10,10,True,True,True,True,90.0,90.0,100.0,100.0
XpFNznmRoQ0,Healthfirst: Wrangling Data the Event Driven Way,English,data_ingestion,True,False,False,12,16,True,True,True,True,80.0,73.33,80.0,73.33
XqsgQxyZ2Tw,1plusX: A RealTime Data Management Platform on AWS,English,data_ingestion,True,False,False,11,16,True,True,True,True,80.0,51.85,60.0,14.81
YT21s0_ZJVQ,AMPOS: Managing Systems Across AWS Global Regions and China Regions,English,data_ingestion,False,False,False,7,2,True,True,True,False,93.33,28.57,93.33,28.57
YV8e36ZywLk,Syntax: Extract and Leverage SAP Data with AWS Services,English,other,True,False,False,5,4,True,True,True,True,80.0,0.0,80.0,0.0
YiOTd6IfGoU,Go Global: Processing Tens of Different Event Types on a Generic Data Lake Architecture (Hebrew),Hebrew,data_ingestion,True,False,False,12,13,True,True,True,True,81.82,66.67,81.82,66.67
YjASp_VccmI,Vidsy: See How Vidsy Run Their Content Platform on AWS,English,interactive,False,False,False,10,6,True,True,True,False,87.5,66.67,87.5,76.92
Yju3yReAQtc,Fortinet Uses AWS Serverless to Provide a Highly Available ControlPlane for their FortiWeb CloudWAF,English,interactive,True,False,False,7,7,True,True,True,True,85.71,50.0,80.0,46.15
YlGUMhls9ZA,Veolia: Serverless Solution for Cost Optimization on AWS (French),French,compute_intensive,True,False,False,14,18,True,True,True,True,100.0,87.5,100.0,81.25
YosezjoL4MU,Korean Airline: Data Warehouse Modernization on AWS Korean,Korean,control,True,False,False,12,11,True,True,True,True,95.65,95.24,95.65,70.59
YrEc8oMIxDs,Thales: Automate Security Threat Detection and Remediation with AWS Security Services French,French,data_ingestion,True,False,False,10,14,True,True,True,True,100.0,78.26,100.0,78.26
ZA_0RMeeWpY,Dome9: CloudBots Make Compliance Easy,English,compute_intensive,True,False,False,5,8,False,False,False,False,,,,
ZCj2wuKBBu4,Nike: A Social Graph at Scale with Amazon Neptune,English,data_ingestion,True,False,False,9,9,True,True,True,True,87.5,58.82,80.0,40.0
ZNt9qI_LlPk,Autodesk Data Platform: Product Usage RealTime Analytics Using an Event Driven Architecture,English,data_ingestion,True,False,False,5,10,True,True,True,True,100.0,63.16,90.91,52.63
ZPsBzAwJzoI,NAGRA: NexGuard Watermarking for Securing Streaming Content Using AWS,English,interactive,True,False,False,12,17,True,True,True,True,81.82,55.17,78.26,55.17
ZcY8DG-785w,TMA 2020 Special Episode Reprise: Halodoc,English,control,False,True,False,2,1,False,False,False,False,,,,
ZsabzCVjkIk,Mikamai: Standard Architectures for Modern Web Applications Italian,Italian,control,False,False,False,10,8,True,True,True,False,100.0,93.33,100.0,85.71
_EPfIJnBCoM,PayGo: Leveraging Smart Meters to Help Customers Conserve Energy!,English,interactive,True,False,False,6,5,True,True,True,True,90.91,61.54,100.0,61.54
_iHahE9-0e8,This is My Architecture: Analytics Customer Spotlight,English,control,False,True,False,2,1,False,False,False,False,,,,
_pXybA6832o,Olikka: Self Service Hub with Alexa,English,interactive,True,False,False,9,11,True,True,True,True,82.35,81.82,87.5,81.82
_vjB_vF4Uec,Nasuni: Building a Global File Lock Service on AWS,English,interactive,True,False,False,6,9,True,True,True,True,83.33,33.33,83.33,12.5
a1sEfGVDpEQ,Swiss Post Ltd: Security and Compliance of AWS Accounts at Scale German,German,data_ingestion,True,False,False,10,13,True,True,True,True,92.31,81.82,92.31,70.0
a59halVklMI,Ashok Leyland: Running Telematics at Scale,English,data_ingestion,True,False,False,12,16,True,True,True,True,87.5,66.67,94.12,72.0
a6kqyqTNJM4,Seera Group: Transforming Online Travel Booking with Microservices,English,interactive,True,False,False,11,15,True,True,True,True,77.78,23.08,84.21,41.67
aAYvbRhZFPo,Xero: Global Load Balancing for File Transfer Services LIVE,English,data_ingestion,False,False,False,7,6,True,True,True,False,92.31,36.36,92.31,36.36
aN26J-7q9Hw,Qonto: How to Leverage Serverless Technologies to Quickly Achieve PCIDSS Compliance French,French,control,True,False,False,10,13,False,False,False,False,,,,
aOY6YCpcjz8,HubSpot: Task Queueing System Built on top of Amazon SQS,English,compute_intensive,True,False,False,11,14,True,True,True,True,85.71,80.0,75.0,80.0
aOZ4H98XROc,Cyxtera: How to Enable Secure Zero Trust Access to AWS Resources  Hybrid Architectures,English,data_ingestion,True,False,False,8,9,True,True,True,True,71.43,12.5,71.43,13.33
aQFztbu0BG0,Discover Financial Services: Enabling a PCI Compliant Data Science Platform,English,data_ingestion,True,False,False,8,8,True,True,True,True,83.33,75.0,83.33,75.0
aY-wF9g0qkM,globaldatanet: Using AI to Build a Multi-Tenant SaaS Construction Site Monitoring Solution,English,interactive,True,False,False,10,14,True,True,True,True,76.92,52.17,76.92,43.48
acm-HWJhEOA,Careem: Identity Based Fraud Detection Using Neptune and Neptune ML,English,data_ingestion,True,False,False,8,14,True,True,True,True,75.0,58.33,70.59,48.0
ameanoaMldM,Bristol-Myers Squibb: Enabling DevOps with AWS Service Catalog,English,other,False,False,False,7,2,True,True,True,False,87.5,16.67,87.5,20.0
amh7nzl32v4,Melco Resorts & Entertainment: Serverless Architecture Pattern for Melco Club Mobile App,English,interactive,True,False,False,8,14,True,True,True,True,100.0,57.14,100.0,57.14
asZIXK7V-U4,Ounass: Building a Scalable Recommender Architecture Powered by the Word2vec Algorithm,English,data_ingestion,True,False,False,10,16,True,True,True,True,100.0,89.66,100.0,75.86
az-C2c33trQ,Adikteev: ROI Analysis of Advertising Campaigns From Data Ingestion to Prediction Dashboards,English,data_ingestion,True,False,False,8,17,True,True,True,True,100.0,69.23,100.0,69.23
b93-zn-DtBw,JD Power: Building a Rankings  Insights Engine with Data Lakes  Machine Learning on AWS,English,data_ingestion,False,False,False,9,4,True,True,True,False,88.89,26.67,88.89,28.57
bQqJpjv-FXs,ēdn: Reinventing Indoor Gardening with Interactive Workflows Using AWS IoT Core and Amazon Pinpoint,English,data_ingestion,True,False,False,6,5,True,True,True,True,76.92,61.54,76.92,61.54
bikXzsVihF4,United Airlines: How to Use AWS Backup to Protect Data from Ransomware Events,English,other,True,False,False,7,10,True,True,True,True,100.0,58.82,93.33,47.06
bqZWYmRAka0,DBS Bank: Architecting Quant Pricing Engine for Performance with Amazon ElastiCache,English,compute_intensive,True,False,False,5,5,True,True,True,True,80.0,44.44,80.0,47.06
bxvZBfbyhiA,OnScale: Deploying HPCs for CAE Workloads on AWS,English,compute_intensive,True,False,False,9,12,True,True,True,True,93.33,70.0,93.33,73.68
c-1GXhOOOww,Anchor Operating System: Building a Serverless Guest Sightseeing Journey Seamlessly,English,interactive,True,False,False,9,16,True,True,True,True,77.78,28.57,70.59,38.46
c2TGPlvAHLs,NuData Security: Identity Validation with Amazon SageMaker,English,"compute_intensive,interactive",True,False,False,6,5,False,False,False,False,,,,
c6yBZBMwtLk,RSI: Affordably Modernizing Audio and Video Content Management Italian,Italian,"data_ingestion,compute_intensive",True,False,False,11,13,True,True,True,True,88.89,72.0,88.89,69.23
c8615P0yfi8,Ounass: Building a Scalable Recommender Architecture Powered by the Word2vec Algorithm (Arabic),Arabic,data_ingestion,False,False,True,10,0,True,True,True,False,100.0,0.0,100.0,0.0
c863uNkF0w4,ENGIE Digital: Using Spot Instances to Optimize Costs for Operations Platform for Energy Assets Fr,English,data_ingestion,True,False,False,10,8,True,True,True,True,66.67,46.15,82.35,46.15
cRxvZBIa-gI,"Equifax: Achieving Cost Savings and Reliability with EKS, Graviton2, and Aurora Global",English,interactive,True,False,False,5,4,True,True,True,True,54.55,0.0,36.36,0.0
cZuoiXQ0xUk,Leaven: Machine Learning at Massive Scale to Protect Human Life,English,compute_intensive,True,False,False,8,13,True,True,True,True,85.71,47.62,85.71,47.62
ccPhkyPm_3w,Imperva: Building Real-Time Streaming Data Pipelines Using Amazon MSK,English,data_ingestion,True,False,False,6,6,True,True,True,True,83.33,57.14,83.33,33.33
chQ1phTqvnY,Hi Res Cam: High Performance Object Detection with AWS Lambda Rekognition  TensorFlow German,German,"data_ingestion,compute_intensive",True,False,False,10,24,True,False,False,False,100.0,52.94,,
cmYI6axlicc,Pirelli: Building a Data Platform at Scale,English,data_ingestion,True,False,False,10,14,True,True,True,True,66.67,25.0,66.67,26.09
cmlhEbm1kPk,DXC  Munich Re: Amazon Connect with AWS Machine Learning Services,English,compute_intensive,True,False,False,9,18,True,True,True,True,87.5,37.04,77.78,34.48
cnZeOytEkIM,Property Finder: Running Production Workloads with Amazon EKS on 100% Amazon EC2 Spot Instances,English,interactive,True,False,False,6,6,True,True,True,True,100.0,66.67,100.0,61.54
co4_t2gN1T8,AC3: Multi-stage Geospatial Data Lake with Step Functions (LIVE),English,interactive,True,False,False,9,16,True,True,True,True,87.5,64.0,100.0,72.0
d0EE1HuZSEU,William Hill: Highperformance DDOS Protection with AWS,English,control,True,False,False,13,21,True,True,True,True,92.31,66.67,92.31,66.67
dAQhNjwkOX8,Cation Consulting: How to Build a Scalable Chatbot and Deploy to Europe's Largest Airline,English,"data_ingestion,interactive",True,False,False,14,24,True,True,True,True,95.24,57.89,81.82,50.0
dWCQw_KvlYQ,DAZN: Key Moments in Sport on Live Streaming Video,English,data_ingestion,True,False,False,12,15,False,False,False,False,,,,
dy-drIboyNA,Healthdirect Australia: Using AWS to Connect People with Healthcare,English,"data_ingestion,interactive",True,False,False,15,13,True,False,False,False,94.12,80.0,,
e3N5ZuHh7G0,Wag: Deploying BlueGreen Architecture for Increased Availability and Reduced Risk,English,control,False,False,False,6,6,True,False,False,False,75.0,40.0,,
eEfWd4EgH_s,Homegate AG: A Serverless Real Estate Platform,English,data_ingestion,True,False,False,10,10,True,True,True,True,85.71,84.21,85.71,84.21
ec6j-MaOSUc,Treasury Intelligence Solutions: Managing Data Growth & Scalability with a Secure Data Lake,English,data_ingestion,True,False,False,11,20,True,True,True,True,90.0,48.28,95.24,55.17
ekXdohpAy5U,Accenture: Natural Language Processing and Graph Databases for the Oil and Gas Industry,English,data_ingestion,True,False,False,6,9,True,True,True,True,83.33,66.67,83.33,57.14
f5EJBUfGZtw,Expedia: Salesforce Integration with AWS,English,data_ingestion,True,False,False,10,8,True,True,True,True,94.12,82.35,88.89,77.78
fOgb0Es-lVs,Deluxe One: Unifying Modern Content Creation and Delivery at Scale,English,control,False,False,False,7,6,True,True,True,False,72.73,76.92,72.73,71.43
fRv8sOUyhZw,Ippon with Euler Hermes: Transforming a Monolithic Application of Data Analytics with Microservices,English,data_ingestion,True,False,False,10,13,True,True,True,True,94.12,86.96,82.35,66.67
fSV0u48sEVg,Social Quantum: Using Serverless in Gaming,English,interactive,True,False,False,7,11,True,True,True,True,85.71,21.05,100.0,69.57
fTxvwVj02P0,Simpego: Swiss InsurTech Running All Core Business Processes on AWS (German),German,"data_ingestion,interactive",True,False,False,8,10,True,True,True,True,85.71,70.59,85.71,70.59
fppIOuRMI2g,Instructure: Elevating Digital Education to the Next-Level Event Driven CI/CD Deployments Globally,English,control,True,False,False,7,7,True,True,True,True,100.0,92.31,100.0,92.31
ftIdBG-UgFY,AQR: Using ECS to Provide Dev Teams Security & Authentication on a Scalable Container Platform,English,control,True,False,False,8,9,True,True,True,True,85.71,57.14,100.0,46.15
gD8pzUnXgsU,Liberty Mutual: Moving Towards RealTime Financial Closing Using AWS,English,data_ingestion,True,False,False,6,4,False,False,False,False,,,,
gcgtLDB0cKA,CMD by Mantel Group: Ensuring Safe Vessel Transit at Sea Ports with Data,English,"data_ingestion,interactive",True,False,False,13,18,True,True,True,True,81.82,66.67,90.91,73.33
gpWR5JBC64A,FoodHub: Enabling Massive Scale Order Processing with Serverless Architecture,English,"data_ingestion,interactive",True,False,False,8,6,True,True,True,True,87.5,76.92,70.59,46.15
gu54VVeDD10,"FPL Technologies: Building On-Demand, Secure, and Scalable Serverless ML Workbenches",English,"data_ingestion,compute_intensive",True,False,False,8,9,True,True,True,True,93.33,66.67,77.78,70.0
h0HE3bOEiMk,HDFC Life: Event Driven DataLake and Recovery,English,control,True,False,False,7,9,True,False,False,False,100.0,88.89,,
hEB1J9-iOqs,BristolMyers Squibb: Embracing InfrastructureasCode with AWS and AutoPTP,English,control,False,False,True,9,0,True,False,False,False,80.0,0.0,,
hFx0EF9KEZU,Buzzvil: Segment Processing and Provision for Ad Recommendation Korean,Korean,"data_ingestion,compute_intensive,interactive",True,False,False,15,23,True,True,True,True,84.21,52.63,73.68,55.56
hMK2NJ-q9nc,WarnerMedia: Cloudbased Linear Playout System,English,compute_intensive,True,False,False,6,5,True,True,True,True,60.0,26.67,61.54,25.0
hbz63Ve-eIY,Wix: Serverless Platform for End-to-End Browser Testing using Chromium on AWS Lambda,English,control,True,False,False,6,13,True,True,True,True,83.33,30.0,100.0,55.56
hf9nMAG9XoU,Taco Bell: Aurora as The Heart of the Menu Middleware and Data Integration Platform for Taco Bell,English,control,True,False,False,8,11,True,True,True,True,92.31,66.67,92.31,66.67
hlVnmCfydIs,Traeger Provisions: Personalizing Customer Support Experiences on AWS,English,"data_ingestion,interactive",True,False,False,11,13,True,True,True,True,88.89,91.67,94.74,88.0
hnMQFnTGr3I,Nanit: How Nanit Streams and Analyzes Video from Hundreds of Thousands of Cameras,English,"data_ingestion,interactive",True,False,False,9,24,True,True,True,True,100.0,66.67,100.0,62.86
hrhBOOrR5v0,PureWeb: Building a Global 3D Streaming Platform For Limitless Experiences,English,interactive,True,False,False,9,12,True,True,True,True,100.0,76.19,100.0,66.67
i10a06IU4WQ,Pinterest: Scalable Access Control with STS Token Vending,English,control,False,False,False,6,8,True,True,True,False,72.73,23.53,72.73,35.29
i4ueYgjVDCw,"Rappi: Leveraging EKS, DocumentDB, RDS and ElastiCache to Quickly Scale Kubernetes Clusters",English,"interactive,control",True,False,False,10,8,True,True,True,True,69.57,50.0,60.87,0.0
iKYvG5aiIn8,TrueBlue: Scaling Job Matching with a Serverless Delta Lake,English,data_ingestion,True,False,False,9,7,True,True,True,True,93.33,85.71,100.0,80.0
iSkWd31X7zo,TechConnect: Tech Powered Sports with IoT  Machine Learning,English,"data_ingestion,compute_intensive",True,False,False,9,9,True,False,False,False,88.89,75.0,,
iWK0iRUi-b4,Snyk: CICD Pipelines and Security Controls for Application Developers,English,interactive,True,False,False,8,12,True,True,True,True,93.33,60.0,93.33,58.33
ihB2dRYLOOI,UltraServe: Application Vending Machine with Runtime Event Control (LIVE),English,"compute_intensive,interactive",False,False,False,12,7,True,True,True,False,95.24,50.0,85.71,33.33
illMCyp4O9A,Enel: Management and Analysis of Meters Data Italian,Italian,data_ingestion,True,False,False,10,14,False,False,False,False,,,,
ilsJgwcAshE,Amagi: Powering High Availability Broadcast Playout on AWS Cloud,English,data_ingestion,True,False,False,9,9,True,True,True,True,100.0,84.21,54.55,52.63
iwDNnyiD26M,Cedrus: Migrating a Legacy Application to a Serverless Ecosystem,English,interactive,True,False,False,9,9,True,False,False,False,100.0,66.67,,
iwZLadQ3XpY,Riot Games: A new data ingest pipeline for league of legends using MSK,English,data_ingestion,True,False,False,7,7,True,True,True,True,76.92,50.0,76.92,50.0
j-lPgPGBTwQ,Halter:Building the Future of Farming with IoT Enabled Livestock and Pasture Management,English,data_ingestion,True,False,False,11,16,True,True,True,True,85.71,58.06,80.0,44.44
j9OZ-7aCAyA,Homesite: Event-Driven Data Analytics Platform Using Amazon Neptune,English,data_ingestion,True,False,False,9,15,True,True,True,True,94.12,47.62,94.12,60.87
jBffL9zUCSE,"The New York Times: Giving Developers the Freedom to Deploy, While Governing Cloud Services at Scale",English,control,True,False,False,7,11,True,True,True,True,100.0,62.5,100.0,62.5
jV8DwutbXbg,Tandem Bank: Processing Transaction Data using AWS Lambda with NLP,English,data_ingestion,True,False,False,7,11,True,False,False,False,100.0,70.59,,
jg85DzUZ9Ac,Veritiv: Enable Insights to Forecast Sales Demand on AWS Data Lakes,English,data_ingestion,True,False,False,10,11,True,True,True,True,87.5,90.91,87.5,81.82
jpewc52m4tg,Viz ai: Improving Outcomes for Stroke Victims Using Artificial Intelligence Special Episode,English,compute_intensive,True,True,False,17,14,False,False,False,False,,,,
jzKCg9Z5_8Q,Blackboard Anthology: Building and Governing an AWS Environment with 120 Accounts,English,control,False,False,True,6,0,True,True,True,False,100.0,0.0,100.0,0.0
k7h0jpLcWdE,Carano Software Solutions: Accelerate Adoption of Microservices with Serverless,English,interactive,True,False,False,8,8,True,False,False,False,100.0,75.0,,
kD57QUn5myc,AWS Solutions:  AI Powered Speech Analytics for Amazon Connect,English,other,True,False,False,10,12,False,False,False,False,,,,
kHPGZOpbnok,"Ookla: Speedtest Intelligence Process 4,000 Reports per Second While Providing Near Real-time Insights",English,data_ingestion,True,False,False,8,12,True,True,True,True,87.5,47.62,87.5,47.62
kszaIJEnKPk,ResMed: Improving Patient Outcomes with Serverless at Scale,English,"data_ingestion,interactive",True,False,False,11,13,True,True,True,True,84.21,75.0,70.0,47.62
ktonI7J3kLY,Grabyo: Using Serverless for Smart Capacity Provisioning and Orchestration,English,"interactive,control",True,False,False,5,8,True,True,True,True,100.0,46.15,100.0,46.15
l0hlxVNmJPI,eCloudvalley: Build Up An EnterpriseLevel IoT Platform In One Minute Mandarin,Mandarin,data_ingestion,True,False,False,14,4,True,True,True,True,78.26,42.86,88.89,40.0
l0mvXogANE4,Smadex: Serving Billions of Ads with Amazon ElastiCache for Redis (Spanish),Spanish,"data_ingestion,interactive",True,False,False,8,14,True,True,True,True,100.0,88.0,100.0,88.0
l3f29v3IJGA,Arvind Internet: Building a Multichannel Multitenant Platform with Kubernetes on AWS,English,interactive,True,False,False,9,15,True,False,False,False,75.0,16.0,,
lA0lAgN0hTI,Irdeto: Multi DRM Solution with Kubernetes on Amazon EC2 and Amazon RDS,English,interactive,False,False,True,8,0,True,False,False,False,75.0,0.0,,
lHM96P5kP2k,Fyber: Ultra Scale Event Processing with Apache Spark on Amazon EKS with EC2 Spot Instances,English,data_ingestion,True,False,False,11,14,True,True,True,True,88.89,66.67,88.89,66.67
lTSZT10JMQA,Klap: How to Build a Video Clipping Pipeline in Serverless (French),French,compute_intensive,True,False,False,10,21,True,True,True,True,76.92,46.67,76.92,46.67
lcLw-Le_tXQ,Bitmovin: Distributed Video Encoding on AWS,English,compute_intensive,True,False,False,6,7,False,False,False,False,,,,
lecbHMBD8KQ,Kaleido: Blockchain Cloud at AWS Speed,English,other,True,False,False,12,8,True,False,False,False,100.0,66.67,,
lkDq9g43djw,FINBOURNE: How Finbourne Assures Resiliency Through Chaos Engineering Events Every 17 min,English,data_ingestion,True,False,False,5,4,True,True,True,True,100.0,75.0,100.0,50.0
m8CBJEyHKIM,Dream11: Building a Cost Effective Compute Model for Scaling Microservices,English,compute_intensive,False,False,False,6,7,True,False,False,False,72.73,66.67,,
m8xtR3-ZQs8,Biogen: Centralized Logging Solution for Multi Accounts,English,data_ingestion,True,False,False,10,10,True,False,False,False,94.12,77.78,,
mKZw29_UtoU,Miriade: Forecasting and Real Time Tracking of the Car Parking Availability Italian,Italian,"data_ingestion,interactive",True,False,False,10,17,True,True,True,True,88.89,75.86,88.89,75.86
mT4KDGRgo4k,Heimdall Data: Scale-Out Amazon RDS with Strong Consistency,English,control,False,False,False,5,9,True,True,True,False,100.0,66.67,100.0,71.43
mZxF1IJEsaY,Zappos: Back Office Migration starring Amazon ECS and Amazon Aurora,English,data_ingestion,True,False,False,8,8,True,True,True,True,100.0,100.0,92.31,88.89
mmM_JnYygZM,SHOPLINE: Building E-Commerce O2O platform on AWS (Cantonese),English,interactive,True,False,False,10,14,True,True,True,True,58.82,17.39,70.59,21.05
mpgM2qeAfaQ,Brain Power Fidgetology: Automatic Analysis of Body Language Using Serverless and AI on AWS,English,compute_intensive,True,False,False,9,10,True,False,False,False,58.82,20.0,,
mq3XuoN0rUM,ZS Associates: Intelligent Process Automation Using AWS AI Services,English,compute_intensive,True,False,False,9,13,True,False,False,False,82.35,43.48,,
mtZvA7ARepM,Temenos: Building Serverless Banking Software at Scale,English,interactive,True,False,False,9,16,True,True,True,True,80.0,50.0,80.0,50.0
mxKhbU_ToMs,MindTouch: Modernizing Legacy C Applications to  NET Core on AWS Lambda,English,compute_intensive,True,False,False,9,13,True,False,False,False,100.0,81.82,,
nM-AkqNh7Yo,from scratch: Resource Manager Controls Task Distribution with Multiple Amazon EMR Clusters,English,data_ingestion,True,False,False,8,10,True,False,False,False,100.0,48.0,,
nflGdpwbf54,Vertex Pharmaceuticals: A Serverless Platform for Small Molecule Search,English,compute_intensive,True,False,False,8,11,True,True,True,True,87.5,66.67,87.5,66.67
nt4lQx6tAI8,The Wall Street Journal: Newsroom Enhances Real-Time Updates With AWS AppSync,English,interactive,True,False,False,10,20,True,True,True,True,88.89,56.25,88.89,51.61
nvhG60gFbso,JFrog: Distribute Software Artifacts securely using SaaS Solutions,English,interactive,True,False,False,13,16,True,True,True,True,84.21,35.71,80.0,29.63
o6DZRwe30Ls,ArcBlock: Leveraging Amazon QLDB to Build a Decentralized Identity Solution,English,data_ingestion,False,False,False,7,14,False,False,False,False,,,,
oEmuI32GYww,LG Electronics  ThinQ: Data Lake Storage for Connected Devices,English,data_ingestion,True,False,False,10,5,True,True,True,True,94.12,66.67,82.35,61.54
oTtPNgcZ05I,Roche: Enabling EnterpriseWide Analytics and ML with Automated Compliance,English,control,True,False,False,10,11,True,True,True,True,90.0,52.63,90.0,28.57
o_zqbpuhyIY,TMA Greatest Hits 2020: Vol  1 with Nielsen HSBC and Temenos,English,control,False,True,False,2,1,False,False,False,False,,,,
ooVtAAoSH2k,CrowdStrike: Analyzing Telemetry Streams to Protect Cloud Endpoints,English,data_ingestion,True,False,False,7,9,True,True,True,True,90.91,71.43,90.91,71.43
pCZ0bxgBL5c,Shin Software: How to Implement a Platform for the Creation of Interactive 3D Applications (Italian),Italian,interactive,True,False,False,8,15,True,False,False,False,90.91,60.87,,
pZ7Lr94noLo,Aventri: SaaS Solution for Event Management,English,interactive,True,False,False,13,15,True,True,True,True,85.71,58.33,93.33,52.17
phN08pi3YzY,Fiverr: Simplifying PCI DSS Compliance with Fully Managed Services,English,other,False,False,True,5,0,True,True,True,False,60.0,0.0,60.0,0.0
pk5yddJpC_8,Benevity: Centralized Logging for Multiple Compute Classes Using OpenSearch,English,data_ingestion,True,False,False,9,10,True,True,True,True,83.33,77.78,83.33,77.78
plce6pRdx6o,Strikingly: Build a Website in 20 Minutes on AWS,English,other,True,False,False,8,6,False,False,False,False,,,,
pwrdLJx0iAU,Cal Poly: Using DevOps  Security by Design to Manage Student Accounts,English,control,False,False,False,6,4,False,False,False,False,,,,
pwxhclKcMas,Depop: RealTime Data Ingestion and Analysis,English,"data_ingestion,compute_intensive",True,False,False,10,13,True,True,True,True,92.31,70.0,92.31,57.14
qIO_54vJ_JI,Lancom Technology: Building a Scalable Video Conferencing Application,English,data_ingestion,True,False,False,8,7,True,True,True,True,90.91,92.31,90.91,92.31
qN5-v4NlKac,Cookpad: Security Architecture to Monitor and Analyze Secure Logs using AWS (English),English,data_ingestion,True,False,False,10,10,True,True,True,True,93.33,84.21,93.33,84.21
q_5U7z_vNug,"Flutura: Digital Twin - Shaping Operations for Maximizing Yield, Reliability and Net-Zero Goals",English,data_ingestion,True,False,False,8,15,True,True,True,True,66.67,33.33,62.5,46.15
qgW8LQ8iBuA,Hancom: Building a Real-time Office Collaboration Service (Korean),Korean,data_ingestion,True,False,False,10,4,True,True,True,True,66.67,44.44,71.43,57.14
qi017F1UwvM,Salesflo: Transforming FieldForce Operations Using EventDriven Architecture,English,"data_ingestion,interactive",True,False,False,17,24,True,True,True,True,92.86,53.66,100.0,68.29
qv9q0sFt6aY,LotteOn: BI Platform Using MicroStrategy Amazon Redshift and AWS Glue on AWS Korean,Korean,data_ingestion,False,False,False,11,17,True,True,True,False,94.12,34.48,94.12,34.48
r2xfxJ-sXMY,Haptik: Data Lake for Conversational AI,English,data_ingestion,True,False,False,9,10,True,False,False,False,84.21,70.0,,
r3g1Nym-ebY,Volkswagen Financial Services: Scaling Their Managed Platform Services by 600,English,other,False,False,True,7,0,True,True,True,False,100.0,0.0,100.0,0.0
rHLuQTO6eoo,Insider: How We Ingest Billions of Data Points Daily to Power our Real-Time Products,English,data_ingestion,True,False,False,10,14,True,True,True,True,93.33,76.92,93.33,74.07
rPGLNw1cOGM,3M: Parallel Serverless Workflows for Materials Science,English,interactive,True,False,False,8,20,True,True,True,True,83.33,68.75,100.0,57.14
rRvy5Fbei1s,Dentsu Tracking: Using Serverless to Power an EU Government Supply-Chain Control System,English,data_ingestion,True,False,False,13,13,True,True,True,True,94.74,75.0,94.74,63.16
ruOhUEooJH0,SK Telecom: EndtoEnd Cloud Management Platform on AWS Korean,Korean,other,False,False,False,11,6,True,True,True,False,80.0,42.86,81.82,90.91
sKksbPPDznM,Macquarie Bank: Securing Payment Websites at the Edge Serverless-ly (LIVE),English,interactive,True,False,False,6,8,True,True,True,True,66.67,42.86,66.67,28.57
sQsAGl7mSQs,Eyeota: Scalable ML Model Lifecycle Management for Advertising Audience Discovery,English,data_ingestion,True,False,False,12,24,True,True,True,True,90.91,54.05,100.0,56.41
sSa4ikC8-Jc,HMH: Lightweight PCI Compliance Infrastructure on AWS,English,"interactive,control",True,False,False,11,24,True,True,True,True,100.0,55.56,80.0,42.42
sezX7CSbXTg,Taco Bell: Order Middleware - Enabling Delivery Orders at Massive Scale,English,interactive,True,False,False,7,8,True,True,True,True,90.91,57.14,92.31,75.0
tBavPTWewvI,ACV Auctions: Learn How ACV Scales to Serve Hundreds of Millions of Auction Requests Per Month,English,interactive,True,False,False,6,9,True,True,True,True,83.33,40.0,66.67,25.0
tTQ36qQF_vA,AWS Solutions: MultiRegion Availability with Amazon DynamoDB Amazon S3 and Amazon Cognito LIVE,English,other,False,False,True,5,0,True,True,True,False,100.0,0.0,100.0,0.0
tVjrkpjWG5o,Pason Systems: Petabyte Scale Drilling Datamart on AWS LIVE,English,"data_ingestion,compute_intensive",True,False,False,7,8,True,True,True,True,83.33,80.0,72.73,13.33
twsGnp2X-aQ,Zillow: Building Speech Analytics Using AWS AI Services,English,"data_ingestion,interactive",True,False,False,7,8,True,True,True,True,83.33,76.92,76.92,76.92
u3ZwnulzLnU,SonarSource: Automatic Code Analysis in the Cloud with AWS,English,data_ingestion,True,False,False,8,13,True,True,True,True,93.33,64.0,93.33,66.67
u5AT15mgbHk,The Trade Desk: Realtime Ad Bidding in the Cloud with AWS Global Accelerator LIVE,English,interactive,False,False,True,6,0,True,True,True,False,88.89,0.0,100.0,0.0
u9DZRkJxvWo,PwC: Building an Efficient Intelligent Serverless Pipeline for the Pharma Industry,English,data_ingestion,False,False,False,2,1,True,False,False,False,40.0,25.0,,
uBiaWJbTRsE,Western Union: Using Service Catalog to Share Applications,English,control,True,False,False,8,9,True,True,True,True,85.71,76.19,92.31,80.0
uMX94Mn9u-4,Kmong: Enhancing Security by Leveraging AWSs Security EPICs Acceleration Program Korean,Korean,control,False,False,False,10,10,True,True,True,False,100.0,80.0,100.0,0.0
uNAmsoLed1E,Bajaj Housing Finance Limited: Serverless Data Pipelines with AWS Glue and Amazon Aurora PGSQL,English,data_ingestion,True,False,False,10,15,True,False,False,False,75.0,36.36,,
uOSpWdAyrZo,HBO Max: Automating Remediation of AWS Resource Misconfigurations,English,control,True,False,False,8,7,True,True,True,True,100.0,87.5,100.0,93.33
uQFtb0iMC_s,AWS Solutions: Media Analysis,English,data_ingestion,True,False,False,8,9,True,True,True,True,94.12,90.0,94.12,90.0
uWUAcc68MWI,AWS Solutions: RealTime IoT Device Monitoring with Kinesis Data Analytics,English,data_ingestion,True,False,False,11,15,True,True,True,True,88.89,64.0,94.74,64.0
uda9s3U7vFw,Tooso: How to Build a Serverless Pipeline for Data Ingestion and PreProcessing Italian,Italian,data_ingestion,True,False,False,10,10,True,False,False,False,100.0,94.74,,
uhrheMJTV4A,Aizon: Seamlessly Integrating Data to Deliver Actionable Insights in Highly Regulated Industries,English,data_ingestion,True,False,False,11,15,True,True,True,True,90.91,72.0,81.82,56.0
unF9tdYjqvU,Nexthink: Going Global with Amazon API Gateway AWS Transit Gateway AWS Lambda and Amazon DynamoDB,English,other,True,False,False,7,8,True,True,True,True,85.71,47.06,100.0,82.35
unFVfqj9cQ8,Contino: Measuring and Communicating The Business Impact of Landing Zones with Flight Controller,English,data_ingestion,True,False,False,8,7,True,True,True,True,100.0,66.67,93.33,83.33
vb-o1DvvHxk,Enoptea: PHP Layer for AWS Lambda French,French,"data_ingestion,interactive",True,False,False,10,11,True,True,True,True,88.89,64.0,88.89,64.0
vdujJAab1LM,ShopFully International Group: Serverless Global Log Ingestion  Analytics System Italian,Italian,data_ingestion,True,False,False,9,10,True,False,False,False,94.12,82.35,,
vp2Ipv2_uCg,American Heart Assoc: 100 years of Content is Discoverable with Serverless & AI on AWS,English,data_ingestion,False,False,True,10,0,True,False,False,False,84.21,0.0,,
vp8oPiHN4cA,Novartis - Buying Engine: AI-powered Procurement Portal,English,"data_ingestion,interactive",True,False,False,14,19,True,True,True,True,94.74,33.33,94.74,32.26
vr00Jg_G6qs,Orion Health: Digital Front Door  Intelligently ConnectingConsumersto their Healthcare,English,data_ingestion,True,False,False,11,14,True,True,True,True,80.0,33.33,77.78,30.77
w-qGSyzDL6g,Zillow: Near Real-Time Natural Language Processing (NLP) for Customer Interactions,English,data_ingestion,True,False,False,12,16,True,True,True,True,90.0,61.54,90.0,53.85
wE3TmHxyRdA,Innovapost: Scaling to 5M Package Deliveries with Serverless,English,control,True,False,False,8,9,True,True,True,True,100.0,100.0,100.0,100.0
wbh51O3QrE4,Mahindra Electric: Building a Connected Electric Vehicle Platform on AWS,English,data_ingestion,True,False,False,10,10,True,True,True,True,80.0,57.14,60.0,38.1
wjtSHyENv0I,"Main Street America Insurance: The Independent Agent Portal, Breaking up the Monolith",English,interactive,True,False,False,8,14,True,True,True,True,85.71,52.17,85.71,47.62
wtl7CrSQnHA,Fresenius Medical Care: Enabling Patient Care Solutions with Near Real-Time Data-Driven Insights,English,data_ingestion,True,False,False,12,14,True,True,True,True,66.67,50.0,77.78,36.36
ww5fiygF6eg,Marathon Oil: Automating Drone Image Processing to Monitor Equipment Health,English,"data_ingestion,interactive",True,False,False,10,20,True,True,True,True,85.71,34.48,85.71,29.63
wzGYJ6BB0iY,Tata Global Beverages: How a Global CPG Enterprise Built a Secure Foundation for SAP,English,data_ingestion,True,False,False,10,12,False,False,False,False,,,,
wzj2VQutJws,DataDog: Scaling Kubernetes with Metaclusters on AWS,English,control,True,False,False,9,8,False,False,False,False,,,,
x76BIV88j_M,Cabify: Building a Massively Scalable Ride-Sharing Mobile App with Containers (Spanish),Spanish,interactive,True,False,False,8,11,True,True,True,True,100.0,66.67,100.0,63.16
xKaPAihW_gE,Mission: Gamified Platform Scaling with Amazon EKS,English,compute_intensive,True,False,False,8,8,True,True,True,True,92.31,100.0,92.31,87.5
yPJf85tjv6M,HK01: Serverless Analytics for Clickstreams Analysis (Cantonese),English,data_ingestion,True,False,False,11,13,True,True,True,True,94.12,60.87,94.12,69.57
yVgxqT1vikk,Intent: Analyzing Billions of Customer Events Per Day Using Serverless,English,data_ingestion,True,False,False,10,16,True,True,True,True,93.33,48.0,82.35,44.44
yXpd8gPfows,Inawisdom: How Insurance Companies are Using IDP to Optimize Document Processing,English,compute_intensive,True,False,False,9,19,True,True,True,True,100.0,68.75,100.0,73.33
zhCNn7v7mvs,CM Group: Building an Available Scalable Reliable Email Delivery System,English,interactive,True,False,False,8,11,True,True,True,True,85.71,66.67,85.71,66.67
zmJ7rL1iQBY,Fidelity Investments: Using Containers at Scale with Amazon EKS,English,control,False,False,True,1,0,True,False,False,False,40.0,0.0,,
zqiNLMmEeSo,CloudPlex Media: FullyManaged Serverless Online Video Platform on AWS Korean,Korean,interactive,False,False,True,10,0,True,True,True,False,100.0,0.0,100.0,0.0
zr3Kib0i-OQ,Accenture: Large Scale Asset Inventory Tracking with AWS Fargate,English,data_ingestion,True,False,False,7,6,False,False,False,False,,,,
