video_id,schema,prompt_version,lab_json_exists,lab_json_matches,v10_cache_exists,graphml_exists,graphml_size_bytes,graphml_parses,graphml_nodes,graphml_edges,unknown_services_count,unknown_services_list,verdict
-3lnf5lzsH0,A,,0,0,0,0,0,0,0,0,0,,v9_probable
-ahWdCysMYw,A,,0,0,0,0,0,0,0,0,0,,v9_probable
-kA0ahrhX3I,A,,0,0,0,0,0,0,0,0,0,,v9_probable
-S-R7MWRpaI,A,,0,0,0,0,0,0,0,0,0,,v9_probable
-wLEkq21cvA,A,,0,0,0,0,0,0,0,0,0,,v9_probable
-yCol_7qH2U,B,v9,0,0,0,1,6453,1,12,15,0,,v9_confirmado
0-db3wFRfSc,B,v9,0,0,0,1,5796,1,11,13,0,,v9_confirmado
07lfvavMdfU,A,,0,0,0,0,0,0,0,0,0,,v9_probable
0F7KDLz-kIQ,A,,0,0,0,0,0,0,0,0,0,,v9_probable
0gNMEyei-co,A,,0,0,0,0,0,0,0,0,0,,v9_probable
0JxJpNjI9Y0,A,,0,0,0,0,0,0,0,0,0,,v9_probable
0wnNlOg42dc,A,,0,0,0,0,0,0,0,0,0,,v9_probable
1aYoIZvabbk,A,,0,0,0,0,0,0,0,0,0,,v9_probable
1kWxymroGeE,A,,0,0,0,0,0,0,0,0,0,,v9_probable
1xLjtJnfZes,A,,0,0,0,0,0,0,0,0,0,,v9_probable
1ZLiRT0C2Yo,A,,0,0,0,0,0,0,0,0,0,,v9_probable
2e3vOxsHekE,A,,0,0,0,0,0,0,0,0,0,,v9_probable
2f_NYiPJQt4,A,,0,0,0,0,0,0,0,0,0,,v9_probable
2L0m28ZLmtE,A,,0,0,0,0,0,0,0,0,0,,v9_probable
2XVgpMwY5iE,A,,0,0,0,0,0,0,0,0,0,,v9_probable
37T7Nd8pL-c,A,,0,0,0,0,0,0,0,0,0,,v9_probable
3WgTBTDlQN8,A,,0,0,0,0,0,0,0,0,0,,v9_probable
3yJZ6rPoZfg,A,,0,0,0,0,0,0,0,0,0,,v9_probable
4-teOQ_dJvY,A,,0,0,0,0,0,0,0,0,0,,v9_probable
40dhk6OABJE,B,v9,0,0,0,1,4158,1,10,6,0,,v9_confirmado
4WjXH8Wp0E4,A,,0,0,0,0,0,0,0,0,0,,v9_probable
53sUjFv9ByI,A,,0,0,0,0,0,0,0,0,0,,v9_probable
5CwIt-Alqhg,A,,0,0,0,0,0,0,0,0,0,,v9_probable
5EmA67lSJEs,A,,0,0,0,0,0,0,0,0,0,,v9_probable
5f3z1Z_9BJA,A,,0,0,0,0,0,0,0,0,0,,v9_probable
5hjkSczrke4,B,v9,0,0,0,1,6412,1,13,14,0,,v9_confirmado
5RsZJ-1_sn4,B,v9,0,0,0,1,8159,1,21,17,0,,v9_confirmado
5vR5aN_xdI0,A,,0,0,0,0,0,0,0,0,0,,v9_probable
62E9ggjGS8I,A,,0,0,0,0,0,0,0,0,0,,v9_probable
66fPHLmvikk,A,,0,0,0,0,0,0,0,0,0,,v9_probable
6CgqEzyWpeA,A,,0,0,0,0,0,0,0,0,0,,v9_probable
6E_Dg3YRil4,B,v9,0,0,0,1,5828,1,16,10,0,,v9_confirmado
6EUknQqaV1w,A,,0,0,0,0,0,0,0,0,0,,v9_probable
6iK4WNj6QqI,A,,0,0,0,0,0,0,0,0,0,,v9_probable
6LcSv9XocTY,A,,0,0,0,0,0,0,0,0,0,,v9_probable
6sew_hdI6cY,A,,0,0,0,0,0,0,0,0,0,,v9_probable
6sY0AunanlM,A,,0,0,0,0,0,0,0,0,0,,v9_probable
6uEX5RKd0Bk,B,v9,0,0,0,1,5005,1,8,11,0,,v9_confirmado
6YkguepAQuQ,A,,0,0,0,0,0,0,0,0,0,,v9_probable
7dtomip_VXc,A,,0,0,0,0,0,0,0,0,0,,v9_probable
7KqYdneuJjo,A,,0,0,0,1,5665,1,9,10,0,,v9_probable
7LziNjUTo7w,A,,0,0,0,0,0,0,0,0,0,,v9_probable
7V8wTCkjOqo,A,,0,0,0,0,0,0,0,0,0,,v9_probable
7wBOFcP1HwA,B,v9,0,0,0,1,5093,1,11,10,0,,v9_confirmado
8s0wGRkiDrw,B,v9,0,0,0,1,4331,1,8,7,0,,v9_confirmado
8TExnSvZqt0,B,v9,0,0,0,1,3898,1,11,4,0,,v9_confirmado
8ZRWzn0G39g,B,v9,0,0,0,1,4929,1,10,9,0,,v9_confirmado
9-6hQdFeolc,B,v9,0,0,0,1,3943,1,8,6,0,,v9_confirmado
9-a9Y5THTYo,B,v9,0,0,0,1,4588,1,8,8,0,,v9_confirmado
90rWUjKjnAE,B,v9,0,0,0,1,4416,1,9,8,0,,v9_confirmado
99nNHsbwBpg,B,v9,0,0,0,1,2408,1,3,2,0,,v9_confirmado
9Cg81Xgg7LQ,B,v9,0,0,0,1,3469,1,7,5,0,,v9_confirmado
9LhiUsg3knw,B,v9,0,0,0,1,4894,1,10,9,0,,v9_confirmado
9qTEHITVeLE,A,,0,0,0,0,0,0,0,0,0,,v9_probable
9yziTe6lBwk,A,,0,0,0,0,0,0,0,0,0,,v9_probable
_EPfIJnBCoM,A,,0,0,0,1,5009,1,9,8,0,,v9_probable
_vjB_vF4Uec,A,,0,0,0,1,4911,1,10,7,0,,v9_probable
a1sEfGVDpEQ,A,,0,0,0,1,4653,1,9,7,0,,v9_probable
A4Lfk1Zz1dE,A,,0,0,0,0,0,0,0,0,0,,v9_probable
acm-HWJhEOA,A,,0,0,0,1,6249,1,12,11,0,,v9_probable
aQFztbu0BG0,A,,0,0,0,1,4824,1,8,8,0,,v9_probable
AS2JeM2FUzE,A,,0,0,0,0,0,0,0,0,0,,v9_probable
asZIXK7V-U4,A,,0,0,0,1,6251,1,10,13,0,,v9_probable
aY-wF9g0qkM,A,,0,0,0,1,5181,1,9,9,0,,v9_probable
az-C2c33trQ,A,,0,0,0,1,4532,1,8,9,0,,v9_probable
AzM_d7ZvzUE,A,,0,0,0,0,0,0,0,0,0,,v9_probable
b93-zn-DtBw,A,,0,0,0,1,5468,1,10,10,0,,v9_probable
BgT_bDAejSQ,A,,0,0,0,0,0,0,0,0,0,,v9_probable
bikXzsVihF4,A,,0,0,0,0,0,0,0,0,0,,v9_probable
BlCXEMp_lqY,A,,0,0,0,0,0,0,0,0,0,,v9_probable
BLwskVnHbs4,B,v9,0,0,0,1,4083,1,8,7,0,,v9_confirmado
BPvr0qWpJlA,A,,0,0,0,0,0,0,0,0,0,,v9_probable
bQqJpjv-FXs,A,,0,0,0,1,4873,1,7,8,0,,v9_probable
bqZWYmRAka0,A,,0,0,0,0,0,0,0,0,0,,v9_probable
BX1K8x1lVLc,B,v9,0,0,0,1,4166,1,8,8,0,,v9_confirmado
bxvZBfbyhiA,B,v9,0,0,0,1,4128,1,8,7,0,,v9_confirmado
BZ32w0SSAoY,A,,0,0,0,0,0,0,0,0,0,,v9_probable
c-1GXhOOOww,B,v9,0,0,0,1,4730,1,8,10,0,,v9_confirmado
c6yBZBMwtLk,B,v9,0,0,0,1,5873,1,11,13,0,,v9_confirmado
c8615P0yfi8,B,v9,0,0,0,1,5379,1,10,11,0,,v9_confirmado
c863uNkF0w4,B,v9,0,0,0,1,3790,1,8,5,0,,v9_confirmado
ccPhkyPm_3w,B,v9,0,0,0,1,4071,1,9,6,0,,v9_confirmado
Ccutfm_Srzw,B,v9,0,0,0,1,4495,1,8,8,0,,v9_confirmado
CDCLwX2fo2g,B,v9,0,0,0,1,4680,1,8,10,0,,v9_confirmado
CE03UMddoYU,A,,0,0,0,0,0,0,0,0,0,,v9_probable
Cgv0kfp_6xQ,A,,0,0,0,0,0,0,0,0,0,,v9_probable
cmYI6axlicc,B,v9,0,0,0,1,4729,1,9,9,0,,v9_confirmado
cnZeOytEkIM,A,,0,0,0,1,4546,1,8,7,0,,v9_probable
cRxvZBIa-gI,B,v9,0,0,0,1,3366,1,7,4,0,,v9_confirmado
CsD5bmM6mpY,A,,0,0,0,0,0,0,0,0,0,,v9_probable
CTG23wd9H74,A,,0,0,0,0,0,0,0,0,0,,v9_probable
Cw26CrJUqv8,A,,0,0,0,0,0,0,0,0,0,,v9_probable
cZuoiXQ0xUk,A,,0,0,0,1,4809,1,8,8,0,,v9_probable
d0EE1HuZSEU,A,,0,0,0,1,6459,1,13,15,0,,v9_probable
D6rG9eZ5Qus,A,,0,0,0,0,0,0,0,0,0,,v9_probable
D77FSUkPJ3o,A,,0,0,0,0,0,0,0,0,0,,v9_probable
D9qTotVJYss,A,,0,0,0,0,0,0,0,0,0,,v9_probable
DAJZAygxDZA,A,,0,0,0,0,0,0,0,0,0,,v9_probable
DBmmQDlIXWM,A,,0,0,0,1,6036,1,10,12,0,,v9_probable
DkPPwq517aE,A,,0,0,0,0,0,0,0,0,0,,v9_probable
DnTQ3matqts,A,,0,0,0,0,0,0,0,0,0,,v9_probable
Dp3YAxFp-YM,A,,0,0,0,0,0,0,0,0,0,,v9_probable
DrkaU99l9S8,A,,0,0,0,0,0,0,0,0,0,,v9_probable
Dxq_U1TNx1s,A,,0,0,0,0,0,0,0,0,0,,v9_probable
E68ufJOduio,A,,0,0,0,0,0,0,0,0,0,,v9_probable
E8BGpIxzYc4,A,,0,0,0,0,0,0,0,0,0,,v9_probable
E8wYXtvGy5k,A,,0,0,0,0,0,0,0,0,0,,v9_probable
ec6j-MaOSUc,A,,0,0,0,1,5010,1,10,9,0,,v9_probable
eEfWd4EgH_s,A,,0,0,0,1,4936,1,10,9,0,,v9_probable
EiljRL0977M,A,,0,0,0,0,0,0,0,0,0,,v9_probable
ekXdohpAy5U,A,,0,0,0,1,3894,1,6,5,0,,v9_probable
Eoq7E6jMtBs,A,,0,0,0,0,0,0,0,0,0,,v9_probable
ErXwuwF2mRU,A,,0,0,0,0,0,0,0,0,0,,v9_probable
F4KDOGNpSoI,A,,0,0,0,0,0,0,0,0,0,,v9_probable
f5EJBUfGZtw,A,,0,0,0,1,5474,1,10,10,0,,v9_probable
Fd2c7NDYfpo,A,,0,0,0,0,0,0,0,0,0,,v9_probable
Felt-hOU6kU,A,,0,0,0,0,0,0,0,0,0,,v9_probable
FfSNnH2bbNc,B,v9,0,0,0,1,4523,1,8,9,0,,v9_confirmado
FftalZUxyiM,A,,0,0,0,0,0,0,0,0,0,,v9_probable
FHdtOtznWuA,B,v9,0,0,0,1,3975,1,9,5,0,,v9_confirmado
FmhL2334GIY,A,,0,0,0,0,0,0,0,0,0,,v9_probable
fOgb0Es-lVs,A,,0,0,0,1,4926,1,8,8,0,,v9_probable
fppIOuRMI2g,B,v9,0,0,0,1,3635,1,7,6,0,,v9_confirmado
FqCs3BD6qvo,B,v9,0,0,0,1,4267,1,9,7,0,,v9_confirmado
fRv8sOUyhZw,B,v9,0,0,0,1,5261,1,10,11,0,,v9_confirmado
fSV0u48sEVg,A,,0,0,0,1,5452,1,7,12,0,,v9_probable
ftIdBG-UgFY,A,,0,0,0,1,3615,1,8,4,0,,v9_probable
fTxvwVj02P0,A,,0,0,0,1,4679,1,8,7,0,,v9_probable
G07keU4g-LU,A,,0,0,0,0,0,0,0,0,0,,v9_probable
G5tNCpmD2uQ,A,,0,0,0,0,0,0,0,0,0,,v9_probable
gcgtLDB0cKA,A,,0,0,0,1,6716,1,13,12,0,,v9_probable
Gds8hl8dKuo,A,,0,0,0,0,0,0,0,0,0,,v9_probable
GJ1So_pbZWk,A,,0,0,0,0,0,0,0,0,0,,v9_probable
GoziWpmFCS0,A,,0,0,0,0,0,0,0,0,0,,v9_probable
gpWR5JBC64A,A,,0,0,0,1,4356,1,9,7,0,,v9_probable
gu54VVeDD10,A,,0,0,0,1,5574,1,10,11,0,,v9_probable
GxjMSvwcgvw,A,,0,0,0,0,0,0,0,0,0,,v9_probable
H0uHctrx82Q,B,v9,0,0,0,1,5676,1,13,11,0,,v9_confirmado
H2fOkeXxpyw,A,,0,0,0,0,0,0,0,0,0,,v9_probable
H_S7CxtHgSM,A,,0,0,0,0,0,0,0,0,0,,v9_probable
hbz63Ve-eIY,A,,0,0,0,1,3684,1,6,5,0,,v9_probable
HcmEFZukA-Y,A,,0,0,0,0,0,0,0,0,0,,v9_probable
hf9nMAG9XoU,A,,0,0,0,1,4642,1,7,7,0,,v9_probable
hFx0EF9KEZU,A,,0,0,0,1,6857,1,15,13,0,,v9_probable
hlVnmCfydIs,A,,0,0,0,1,5541,1,9,12,0,,v9_probable
hMK2NJ-q9nc,A,,0,0,0,1,5773,1,10,11,0,,v9_probable
hnMQFnTGr3I,A,,0,0,0,1,5504,1,11,11,0,,v9_probable
hrhBOOrR5v0,A,,0,0,0,1,4995,1,8,9,0,,v9_probable
HwHVFWdczVw,A,,0,0,0,0,0,0,0,0,0,,v9_probable
i10a06IU4WQ,A,,0,0,0,1,5273,1,9,9,0,,v9_probable
i4ueYgjVDCw,A,,0,0,0,1,5334,1,13,7,0,,v9_probable
ihB2dRYLOOI,A,,0,0,0,1,4297,1,11,5,0,,v9_probable
iKYvG5aiIn8,A,,0,0,0,1,4891,1,9,8,0,,v9_probable
ilsJgwcAshE,B,v9,0,0,0,1,5218,1,10,10,0,,v9_confirmado
INog0_9tCtY,A,,0,0,0,0,0,0,0,0,0,,v9_probable
IP03SkGbP-U,A,,0,0,0,0,0,0,0,0,0,,v9_probable
ItpY_KKR94k,B,v9,0,0,0,1,4471,1,9,8,0,,v9_confirmado
IV3KuMGVNXI,A,,0,0,0,0,0,0,0,0,0,,v9_probable
iWK0iRUi-b4,A,,0,0,0,1,5677,1,8,12,0,,v9_probable
iwZLadQ3XpY,A,,0,0,0,1,3682,1,6,5,0,,v9_probable
j-lPgPGBTwQ,A,,0,0,0,1,6258,1,11,11,0,,v9_probable
J4vHfpL66Zk,A,,0,0,0,0,0,0,0,0,0,,v9_probable
j9OZ-7aCAyA,A,,0,0,0,1,4937,1,8,8,0,,v9_probable
jBffL9zUCSE,A,,0,0,0,1,3847,1,7,5,0,,v9_probable
JcHSFIZMYHc,A,,0,0,0,0,0,0,0,0,0,,v9_probable
JG5p-i8Cr2E,A,,0,0,0,0,0,0,0,0,0,,v9_probable
jg85DzUZ9Ac,A,,0,0,0,1,5772,1,10,11,0,,v9_probable
JiWHomdh1oI,A,,0,0,0,0,0,0,0,0,0,,v9_probable
Jkx6kVbDpL4,A,,0,0,0,0,0,0,0,0,0,,v9_probable
JRDGId6N49E,A,,0,0,0,0,0,0,0,0,0,,v9_probable
JSBB-BCvavQ,A,,0,0,0,0,0,0,0,0,0,,v9_probable
JVcKidzqpYY,A,,0,0,0,0,0,0,0,0,0,,v9_probable
JYeXbUdFOdw,A,,0,0,0,0,0,0,0,0,0,,v9_probable
Jz2RPRhF6Fs,A,,0,0,0,1,5408,1,10,9,0,,v9_probable
jzKCg9Z5_8Q,A,,0,0,0,1,3406,1,7,2,0,,v9_probable
K27WjYwyqw8,A,,0,0,0,1,4450,1,7,8,0,,v9_probable
K5ww_O4vsxo,A,,0,0,0,1,6265,1,11,11,0,,v9_probable
K7Id6cnwfD4,B,v9,0,0,0,1,4398,1,9,7,0,,v9_confirmado
Kebb0LOVC28,A,,0,0,0,1,3931,1,6,6,0,,v9_probable
KgRib8AM0fs,A,,0,0,0,1,4298,1,7,7,0,,v9_probable
kHPGZOpbnok,A,,0,0,0,1,4786,1,8,9,0,,v9_probable
KiH7hVJKzns,A,,0,0,0,1,5321,1,9,10,0,,v9_probable
KM5ONS2fnG0,A,,0,0,0,1,5324,1,10,8,0,,v9_probable
Kp51k6LY-2c,A,,0,0,0,1,4175,1,7,6,0,,v9_probable
KQ6Fg206O9U,A,,0,0,0,1,5504,1,10,11,0,,v9_probable
kszaIJEnKPk,A,,0,0,0,1,5351,1,11,8,0,,v9_probable
ktonI7J3kLY,A,,0,0,0,1,3889,1,6,5,0,,v9_probable
KywvGM6HVXI,A,,0,0,0,1,6042,1,11,11,0,,v9_probable
KzJKdUZ3Ba4,A,,0,0,0,1,3776,1,7,4,0,,v9_probable
l0mvXogANE4,A,,0,0,0,1,5596,1,9,11,0,,v9_probable
L8a6qI14MwA,A,,0,0,0,1,6250,1,13,12,0,,v9_probable
LD5ksgnu8r8,A,,0,0,0,1,5626,1,11,9,0,,v9_probable
lHM96P5kP2k,A,,0,0,0,1,6033,1,11,13,0,,v9_probable
lkDq9g43djw,A,,0,0,0,1,3438,1,7,4,0,,v9_probable
LPZlrX2cNjo,A,,0,0,0,1,3215,1,4,4,0,,v9_probable
lTSZT10JMQA,A,,0,0,0,1,5107,1,10,9,0,,v9_probable
LxeSC3-xMlk,A,,0,0,0,1,5557,1,10,9,0,,v9_probable
Ly_UhX3LCCs,A,,0,0,0,1,5286,1,9,10,0,,v9_probable
LYP98nPBj2A,A,,0,0,0,1,4592,1,8,7,0,,v9_probable
M_hqigB9C4I,A,,0,0,0,1,4606,1,9,8,0,,v9_probable
MbkLJ62jtMc,A,,0,0,0,1,4330,1,8,7,0,,v9_probable
mKZw29_UtoU,A,,0,0,0,1,5816,1,10,12,0,,v9_probable
mmM_JnYygZM,A,,0,0,0,1,4183,1,10,5,0,,v9_probable
mT4KDGRgo4k,A,,0,0,0,1,3950,1,7,5,0,,v9_probable
mtZvA7ARepM,A,,0,0,0,1,4749,1,8,8,0,,v9_probable
mZxF1IJEsaY,A,,0,0,0,1,5291,1,9,10,0,,v9_probable
N2mktbl8EQk,A,,0,0,0,1,3497,1,6,5,0,,v9_probable
nflGdpwbf54,A,,0,0,0,1,5106,1,8,10,0,,v9_probable
NfUwtK8ALtw,A,,0,0,0,1,5591,1,9,12,0,,v9_probable
npQWtmnuM6s,A,,0,0,0,1,4108,1,7,6,0,,v9_probable
nt4lQx6tAI8,A,,0,0,0,1,5625,1,10,11,0,,v9_probable
nvhG60gFbso,A,,0,0,0,1,6058,1,12,11,0,,v9_probable
O11BgSm7V14,A,,0,0,0,1,4136,1,9,5,0,,v9_probable
O3s3MWD-UUA,B,v9,0,0,0,1,4621,1,12,6,0,,v9_confirmado
O5Sn5QCEAzE,A,,0,0,0,1,3991,1,7,7,0,,v9_probable
o7sKra5MeZE,A,,0,0,0,1,6641,1,12,12,0,,v9_probable
ODRfIikoU9s,B,v9,0,0,0,1,3910,1,7,6,0,,v9_confirmado
oEmuI32GYww,A,,0,0,0,1,4429,1,8,8,0,,v9_probable
OQKOHNtyz3E,A,,0,0,0,1,4942,1,12,11,0,,v9_probable
OrC9cLYMbas,A,,0,0,0,1,3686,1,7,4,0,,v9_probable
OTPyxlTjWp0,B,v9,0,0,0,1,6069,1,9,15,0,,v9_confirmado
oTtPNgcZ05I,A,,0,0,0,1,4124,1,10,3,0,,v9_probable
OWLGK-eVrTw,A,,0,0,0,1,4029,1,7,6,0,,v9_probable
OYHSkwt31Vc,B,v9,0,0,0,1,5023,1,11,9,0,,v9_confirmado
Ozbv9qBsDG8,A,,0,0,0,1,6662,1,14,12,0,,v9_probable
PBa68gCG0Uk,A,,0,0,0,1,4002,1,6,6,0,,v9_probable
Pc7_uOdlGKo,A,,0,0,0,1,4988,1,9,9,0,,v9_probable
PgeQufaQy7I,A,,0,0,0,1,4063,1,7,6,0,,v9_probable
phN08pi3YzY,A,,0,0,0,1,2316,1,6,0,0,,v9_probable
pk5yddJpC_8,A,,0,0,0,1,4732,1,9,8,0,,v9_probable
PoYiSKUy8sE,A,,0,0,0,1,6009,1,12,10,0,,v9_probable
pZ7Lr94noLo,A,,0,0,0,1,5201,1,11,8,0,,v9_probable
Q6r_QbYXFpg,A,,0,0,0,1,5751,1,11,9,0,,v9_probable
q7nwPQ7XLJI,A,,0,0,0,1,6052,1,11,12,0,,v9_probable
q_5U7z_vNug,A,,0,0,0,1,5323,1,8,11,0,,v9_probable
qgW8LQ8iBuA,A,,0,0,0,1,3659,1,10,3,0,,v9_probable
QhdFIHbB7T4,B,v9,0,0,0,1,3319,1,6,4,0,,v9_confirmado
qi017F1UwvM,A,,0,0,0,1,8327,1,17,17,0,,v9_probable
Qi9soN5bpU4,A,,0,0,0,1,4143,1,8,6,0,,v9_probable
qIO_54vJ_JI,A,,0,0,0,1,4287,1,7,6,0,,v9_probable
QJZHs1CSxu0,A,,0,0,0,1,3711,1,6,6,0,,v9_probable
QM96Fv_NAnw,A,,0,0,0,1,3787,1,6,5,0,,v9_probable
qN5-v4NlKac,A,,0,0,0,1,5197,1,10,9,0,,v9_probable
QnmmTIYZxNI,A,,0,0,0,1,4368,1,8,5,0,,v9_probable
QnwfcDZkwh8,A,,0,0,0,1,5790,1,10,10,0,,v9_probable
QOtCpD23118,A,,0,0,0,1,5922,1,11,11,0,,v9_probable
QuyZHin9B70,A,,0,0,0,1,4615,1,8,7,0,,v9_probable
qv9q0sFt6aY,A,,0,0,0,1,6041,1,11,12,0,,v9_probable
Qz8uXtDC1bY,A,,0,0,0,1,6566,1,15,15,0,,v9_probable
r3g1Nym-ebY,A,,0,0,0,1,3830,1,7,4,0,,v9_probable
RCWl0rf8lpE,A,,0,0,0,1,5658,1,10,11,0,,v9_probable
rHLuQTO6eoo,A,,0,0,0,1,5778,1,9,13,0,,v9_probable
rPGLNw1cOGM,A,,0,0,0,1,4834,1,8,8,0,,v9_probable
rRvy5Fbei1s,A,,0,0,0,1,4878,1,11,6,0,,v9_probable
RU__HBEMDvQ,A,,0,0,0,1,4331,1,8,7,0,,v9_probable
ruOhUEooJH0,A,,0,0,0,1,4528,1,11,5,0,,v9_probable
RxAmb57NCPM,A,,0,0,0,1,6228,1,12,11,0,,v9_probable
S-JSSZZaa94,A,,0,0,0,1,3456,1,7,3,0,,v9_probable
S3G4pb-x8tQ,B,v9,0,0,0,1,4538,1,8,8,0,,v9_confirmado
s4eerNhXf84,A,,0,0,0,1,3835,1,6,5,0,,v9_probable
S85DeDgWQSc,A,,0,0,0,1,5162,1,10,10,0,,v9_probable
SC6n6J8Bi58,A,,0,0,0,1,6420,1,10,13,0,,v9_probable
sezX7CSbXTg,A,,0,0,0,1,4943,1,8,8,0,,v9_probable
SoN0xClcS2E,B,v9,0,0,0,1,4316,1,7,8,0,,v9_confirmado
SpIlpGxuwFM,A,,0,0,0,1,4405,1,8,7,0,,v9_probable
sQsAGl7mSQs,A,,0,0,0,1,7353,1,12,15,0,,v9_probable
T048vs9p1h4,A,,0,0,0,1,6014,1,12,10,0,,v9_probable
t8JCvcnFX10,B,v9,0,0,0,1,4509,1,6,5,0,,v9_confirmado
tBavPTWewvI,A,,0,0,0,1,4082,1,6,7,0,,v9_probable
TBKmeolOdSw,B,v9,0,0,0,1,5500,1,12,11,0,,v9_confirmado
tVjrkpjWG5o,A,,0,0,0,1,4440,1,8,7,0,,v9_probable
twsGnp2X-aQ,A,,0,0,0,1,3857,1,7,5,0,,v9_probable
U1kY6nSS2YQ,A,,0,0,0,1,4365,1,12,4,0,,v9_probable
U1P8vZTEB-k,A,,0,0,0,1,6119,1,11,13,0,,v9_probable
u3ZwnulzLnU,A,,0,0,0,1,5255,1,9,11,0,,v9_probable
uBiaWJbTRsE,A,,0,0,0,1,5770,1,9,11,0,,v9_probable
uhrheMJTV4A,A,,0,0,0,1,5532,1,11,10,0,,v9_probable
Ujs9o3CXUTU,A,,0,0,0,1,4749,1,11,6,0,,v9_probable
uMX94Mn9u-4,A,,0,0,0,1,2774,1,10,0,0,,v9_probable
unF9tdYjqvU,A,,0,0,0,1,5073,1,11,9,0,,v9_probable
unFVfqj9cQ8,A,,0,0,0,1,3888,1,7,5,0,,v9_probable
uOSpWdAyrZo,A,,0,0,0,1,4826,1,8,8,0,,v9_probable
UPV6ggX4eSE,A,,0,0,0,1,5561,1,9,8,0,,v9_probable
UpVF8jMB4yY,B,v9,0,0,0,1,5215,1,11,10,0,,v9_confirmado
UsngU-HjH_Q,A,,0,0,0,1,5640,1,12,10,0,,v9_probable
V6rYfjJG3BE,B,v9,0,0,0,1,3668,1,8,5,0,,v9_confirmado
vb-o1DvvHxk,A,,0,0,0,1,6694,1,11,14,0,,v9_probable
VJZsgsY_sXY,B,v9,0,0,0,1,6150,1,13,13,0,,v9_confirmado
vp8oPiHN4cA,A,,0,0,0,1,5666,1,9,12,0,,v9_probable
vQgUkn3rAMY,A,,0,0,0,1,5864,1,9,11,0,,v9_probable
vr00Jg_G6qs,A,,0,0,0,1,6409,1,14,12,0,,v9_probable
VuoMhsYON1E,B,v9,0,0,0,1,5850,1,15,10,0,,v9_confirmado
w-qGSyzDL6g,A,,0,0,0,1,5463,1,11,10,0,,v9_probable
W4QzOaKCX2Y,B,v9,0,0,0,1,5184,1,11,9,0,,v9_confirmado
W96L6ICcF3s,A,,0,0,0,1,3185,1,7,3,0,,v9_probable
wbh51O3QrE4,A,,0,0,0,1,5664,1,10,11,0,,v9_probable
wE3TmHxyRdA,A,,0,0,0,1,4933,1,8,9,0,,v9_probable
wjtSHyENv0I,A,,0,0,0,1,4526,1,8,7,0,,v9_probable
WojdRyYDvDM,B,v9,0,0,0,1,4033,1,9,5,0,,v9_confirmado
WS2Qgx0qgCM,A,,0,0,0,1,4398,1,6,7,0,,v9_probable
WtCfHP6rUAY,A,,0,0,0,1,5386,1,10,10,0,,v9_probable
wtl7CrSQnHA,B,v9,0,0,0,1,5014,1,12,8,0,,v9_confirmado
Wur1GWB03hk,A,,0,0,0,1,4136,1,9,4,0,,v9_probable
ww5fiygF6eg,A,,0,0,0,1,4428,1,7,7,0,,v9_probable
WxMBuBBIwpI,A,,0,0,0,1,3591,1,6,5,0,,v9_probable
WYK-smWKywA,A,,0,0,0,1,5822,1,12,11,0,,v9_probable
X3mC6Yfd138,A,,0,0,0,1,4240,1,10,5,0,,v9_probable
x76BIV88j_M,A,,0,0,0,1,4641,1,7,8,0,,v9_probable
XCnul-AjrNU,B,v9,0,0,0,1,5125,1,8,12,0,,v9_confirmado
XG6mHvi4eNU,A,,0,0,0,1,4054,1,7,6,0,,v9_probable
XGVWdSnml6A,A,,0,0,0,1,4483,1,8,7,0,,v9_probable
Xi6tDqctLsY,A,,0,0,0,1,4770,1,8,10,0,,v9_probable
XmIhHtPJWog,A,,0,0,0,1,5570,1,10,10,0,,v9_probable
XpFNznmRoQ0,A,,0,0,0,1,7126,1,14,14,0,,v9_probable
XqsgQxyZ2Tw,A,,0,0,0,1,5558,1,10,11,0,,v9_probable
XUCGMzLx8wY,A,,0,0,0,1,4664,1,7,8,0,,v9_probable
YiOTd6IfGoU,A,,0,0,0,1,5865,1,12,11,0,,v9_probable
Yju3yReAQtc,A,,0,0,0,1,5020,1,13,6,0,,v9_probable
YlGUMhls9ZA,A,,0,0,0,1,6613,1,14,14,0,,v9_probable
ym_Gz_zH7w8,A,,0,0,0,1,6791,1,11,14,0,,v9_probable
YosezjoL4MU,A,,0,0,0,1,4505,1,11,6,0,,v9_probable
yPJf85tjv6M,A,,0,0,0,1,5513,1,11,10,0,,v9_probable
YrEc8oMIxDs,A,,0,0,0,1,4373,1,10,9,0,,v9_probable
YV8e36ZywLk,A,,0,0,0,1,3262,1,5,4,0,,v9_probable
yXpd8gPfows,A,,0,0,0,1,5494,1,9,11,0,,v9_probable
ZCj2wuKBBu4,A,,0,0,0,1,4099,1,7,6,0,,v9_probable
zhCNn7v7mvs,A,,0,0,0,1,5260,1,9,10,0,,v9_probable
ZNt9qI_LlPk,A,,0,0,0,1,4946,1,7,9,0,,v9_probable
ZPsBzAwJzoI,A,,0,0,0,1,6178,1,12,12,0,,v9_probable
zqiNLMmEeSo,A,,0,0,0,1,3051,1,11,0,0,,v9_probable
