"video_id","seccion","juicio"
"H51Ups01ZpU","fallback","no"
"hEB1J9-iOqs","fallback","no"
"iwDNnyiD26M","fallback","no"
"vdujJAab1LM","fallback","no"
"wzGYJ6BB0iY","fallback","no"
"WZ4YL4Z177Q","fallback","no"
"TTlyNWh0gjM","fallback","no"
"h0HE3bOEiMk","fallback","no"
"l3f29v3IJGA","fallback","no"
"mq3XuoN0rUM","fallback","no"
"r2xfxJ-sXMY","fallback","no"
"uNAmsoLed1E","fallback","no"
"1SwHH7qQ6Pc","fallback","no"
"OmVQ6pNDbaY","fallback","no"
"m8CBJEyHKIM","fallback","no"
"uda9s3U7vFw","fallback","no"
"mpgM2qeAfaQ","fallback","no"
"u9DZRkJxvWo","fallback","no"
"R-DPMUjZEf4","fallback","no"
"amh7nzl32v4","fallback","no"
"Vrx9csoawWc","fallback","no"
"W5qVQr-n5M8","fallback","no"
"YjASp_VccmI","fallback","no"
"m8xtR3-ZQs8","fallback","no"
"Bi-1xjXvKgs","fallback","no"
"iSkWd31X7zo","fallback","no"
"lcLw-Le_tXQ","fallback","no"
"_pXybA6832o","fallback","no"
"aOY6YCpcjz8","fallback","no"
"lA0lAgN0hTI","fallback","no"
"wzj2VQutJws","fallback","no"
"a6kqyqTNJM4","fallback","no"
"npQWtmnuM6s","pobres","no"
"plce6pRdx6o","pobres","no"
"illMCyp4O9A","pobres","no"
"DxHO2TWVN8I","pobres","no"
"lecbHMBD8KQ","pobres","no"
"aOZ4H98XROc","pobres","no"
"mxKhbU_ToMs","pobres","no"
"aAYvbRhZFPo","pobres","no"
"U8xlmurP-6o","pobres","no"
"k7h0jpLcWdE","pobres","no"
"pCZ0bxgBL5c","pobres","no"
"vp2Ipv2_uCg","pobres","no"
"ZsabzCVjkIk","pobres","no"
"zmJ7rL1iQBY","pobres","si"
"chQ1phTqvnY","pobres","no"
"Kp088QTRmLk","pobres","no"
"HrYfdnPp6qs","pobres","no"
"dWCQw_KvlYQ","pobres","si"
"ZA_0RMeeWpY","pobres","si"
"5QbKp0LQaZo","pobres","no"
"zr3Kib0i-OQ","pobres","no"
"ameanoaMldM","pobres","no"
"nM-AkqNh7Yo","pobres","no"
"dy-drIboyNA","pobres","no"
"c2TGPlvAHLs","pobres","no"
"jV8DwutbXbg","pobres","no"
"66h7DrOEF5k","pobres","no"
"YT21s0_ZJVQ","discrepancia","no"
"StSuG6-iKW4","discrepancia","no"
"cZuoiXQ0xUk","discrepancia","no"
"s4eerNhXf84","discrepancia","si"
"1tGmQd0yOzE","discrepancia","no"
"gD8pzUnXgsU","discrepancia","no"
"99nNHsbwBpg","discrepancia","si"
"DAJZAygxDZA","discrepancia","si"
"lHM96P5kP2k","discrepancia","si"
"r3g1Nym-ebY","discrepancia","si"
"QhdFIHbB7T4","discrepancia","si"
"cczJb4heExQ","discrepancia","si"
"mT4KDGRgo4k","discrepancia","si"
"KzJKdUZ3Ba4","discrepancia","si"
"LPZlrX2cNjo","discrepancia","si"
"2e3vOxsHekE","discrepancia","si"
"cmYI6axlicc","discrepancia","si"
"UsngU-HjH_Q","discrepancia","si"
"7KqYdneuJjo","discrepancia","si"
"OQKOHNtyz3E","discrepancia","si"
"1xLjtJnfZes","discrepancia","si"
"weT3nKnOFDg","discrepancia","si"
"o7sKra5MeZE","discrepancia","si"
"6iK4WNj6QqI","discrepancia","si"
"JiWHomdh1oI","discrepancia","si"
"iwZLadQ3XpY","discrepancia","si"
"XmIhHtPJWog","discrepancia","si"
"_EPfIJnBCoM","discrepancia","si"
"D9qTotVJYss","discrepancia","si"
"CsD5bmM6mpY","discrepancia","si"
"vr00Jg_G6qs","discrepancia","si"
"FmhL2334GIY","discrepancia","si"
"gcgtLDB0cKA","discrepancia","si"
"AS2JeM2FUzE","discrepancia","si"
"GoziWpmFCS0","discrepancia","si"
"X3mC6Yfd138","discrepancia","si"
"aovXn5QDEzU","discrepancia","si"
"-wLEkq21cvA","discrepancia","si"
"t8JCvcnFX10","discrepancia","si"
"MbkLJ62jtMc","discrepancia","si"
"O3s3MWD-UUA","discrepancia","si"
"XqsgQxyZ2Tw","discrepancia","si"
"SC6n6J8Bi58","discrepancia","si"
"pk5yddJpC_8","discrepancia","si"
"ulTevtklPHI","discrepancia","si"
"HcmEFZukA-Y","discrepancia","si"
"zQp8fwTBmNU","discrepancia","si"
"nflGdpwbf54","discrepancia","si"
"irpARK1Tdo4","discrepancia","si"
"KiH7hVJKzns","discrepancia","si"
"Gds8hl8dKuo","discrepancia","si"
"2XVgpMwY5iE","discrepancia","si"
"YV8e36ZywLk","discrepancia","si"
"q_5U7z_vNug","discrepancia","si"
"Felt-hOU6kU","discrepancia","si"
"XCnul-AjrNU","discrepancia","si"
"qIO_54vJ_JI","discrepancia","si"
"1ZLiRT0C2Yo","discrepancia","si"
"6LcSv9XocTY","discrepancia","si"
"phN08pi3YzY","discrepancia","si"
"hf9nMAG9XoU","discrepancia","si"
"rPGLNw1cOGM","discrepancia","si"
"L8a6qI14MwA","discrepancia","si"
"ftIdBG-UgFY","discrepancia","si"
"PgeQufaQy7I","discrepancia","si"
"0wnNlOg42dc","discrepancia","si"
"LYP98nPBj2A","discrepancia","si"
"9Cg81Xgg7LQ","discrepancia","si"
"ebngmAqbe-k","discrepancia","si"
"BgT_bDAejSQ","discrepancia","si"
"OWLGK-eVrTw","discrepancia","si"
"G07keU4g-LU","discrepancia","si"
"BX1K8x1lVLc","discrepancia","si"
"-S-R7MWRpaI","discrepancia","si"
"S85DeDgWQSc","discrepancia","si"
"RU__HBEMDvQ","discrepancia","si"
"E8wYXtvGy5k","discrepancia","si"
"QnmmTIYZxNI","discrepancia","si"
"ErXwuwF2mRU","discrepancia","si"
"U1kY6nSS2YQ","discrepancia","si"
"OTPyxlTjWp0","discrepancia","si"
"7wBOFcP1HwA","discrepancia","si"
"bxvZBfbyhiA","discrepancia","si"
"6EUknQqaV1w","discrepancia","si"
"wjtSHyENv0I","discrepancia","si"
"Q6r_QbYXFpg","discrepancia","si"
"bikXzsVihF4","discrepancia","si"
"Ly_UhX3LCCs","discrepancia","si"
"UpVF8jMB4yY","discrepancia","si"
"OYHSkwt31Vc","discrepancia","si"
"Kebb0LOVC28","discrepancia","si"
"GxjMSvwcgvw","discrepancia","si"
"3WgTBTDlQN8","discrepancia","si"
"gpWR5JBC64A","discrepancia","si"
"3yJZ6rPoZfg","discrepancia","si"
"hnMQFnTGr3I","discrepancia","si"
"K27WjYwyqw8","discrepancia","si"
"4-teOQ_dJvY","discrepancia","si"
"62E9ggjGS8I","discrepancia","si"
"GJ1So_pbZWk","discrepancia","si"
"6uEX5RKd0Bk","discrepancia","si"
"8TExnSvZqt0","discrepancia","si"
"5EmA67lSJEs","discrepancia","si"
"ym_Gz_zH7w8","discrepancia","si"
"8ZRWzn0G39g","discrepancia","si"
"KywvGM6HVXI","discrepancia","si"
"D6rG9eZ5Qus","discrepancia","si"
"fppIOuRMI2g","discrepancia","si"
"lkDq9g43djw","discrepancia","si"
"iKYvG5aiIn8","discrepancia","si"
"qN5-v4NlKac","discrepancia","si"
"JYeXbUdFOdw","discrepancia","si"
"Fd2c7NDYfpo","discrepancia","si"
"UPV6ggX4eSE","discrepancia","si"
"hMK2NJ-q9nc","discrepancia","si"
"Cgv0kfp_6xQ","discrepancia","si"
"JcHSFIZMYHc","discrepancia","si"
"q7nwPQ7XLJI","discrepancia","si"
"fbzeoxxyzIw","discrepancia","si"
"QOtCpD23118","discrepancia","si"
"Pc7_uOdlGKo","discrepancia","si"
"CE03UMddoYU","discrepancia","si"
"G5tNCpmD2uQ","discrepancia","si"
"aQFztbu0BG0","discrepancia","si"
"M_hqigB9C4I","discrepancia","si"
"PoYiSKUy8sE","discrepancia","si"
"-3lnf5lzsH0","discrepancia","si"
"LxeSC3-xMlk","discrepancia","si"
"66fPHLmvikk","discrepancia","si"
"kszaIJEnKPk","discrepancia","si"
"5vR5aN_xdI0","discrepancia","si"
"JG5p-i8Cr2E","discrepancia","si"
"-kA0ahrhX3I","discrepancia","si"
"W4QzOaKCX2Y","discrepancia","si"
"0-db3wFRfSc","discrepancia","si"
"Eoq7E6jMtBs","discrepancia","si"
"rsZjU5g_yXI","discrepancia","si"
"6YkguepAQuQ","discrepancia","si"
"i4ueYgjVDCw","discrepancia","si"
"H_S7CxtHgSM","discrepancia","si"
"c6yBZBMwtLk","discrepancia","si"
"DBmmQDlIXWM","discrepancia","si"
"wbh51O3QrE4","discrepancia","si"
"-yCol_7qH2U","discrepancia","si"
"07lfvavMdfU","discrepancia","si"
"INog0_9tCtY","discrepancia","si"
"nvhG60gFbso","discrepancia","si"
"HwHVFWdczVw","discrepancia","si"
"ec6j-MaOSUc","discrepancia","si"
"K5ww_O4vsxo","discrepancia","si"
"hlVnmCfydIs","discrepancia","si"
"DrkaU99l9S8","discrepancia","si"
"c8615P0yfi8","discrepancia","si"
"asZIXK7V-U4","discrepancia","si"
"j-lPgPGBTwQ","discrepancia","si"
"Yju3yReAQtc","discrepancia","si"
"9LhiUsg3knw","discrepancia","si"
"ruOhUEooJH0","discrepancia","si"
"DnTQ3matqts","discrepancia","si"
"T048vs9p1h4","discrepancia","si"
"2L0m28ZLmtE","discrepancia","si"
"Jkx6kVbDpL4","discrepancia","si"
"hFx0EF9KEZU","discrepancia","si"
"6E_Dg3YRil4","discrepancia","si"
"6sew_hdI6cY","discrepancia","si"
"qi017F1UwvM","discrepancia","si"
"VuoMhsYON1E","discrepancia","si"
"0F7KDLz-kIQ","discrepancia","si"
"sQsAGl7mSQs","calibracion","si"
"e3N5ZuHh7G0","calibracion","duda"
"Wk9mCHyjtBU","calibracion","si"
"dAQhNjwkOX8","calibracion","si"
"OuQvFd44vw4","calibracion","si"
"aN26J-7q9Hw","calibracion","si"
"pwxhclKcMas","calibracion","si"
"l0hlxVNmJPI","calibracion","si"
"SxFag4CMWU8","calibracion","si"
"D_4dsXVqzMs","calibracion","si"
"xKaPAihW_gE","calibracion","si"
"a59halVklMI","calibracion","si"
"SSWwnNVYi_Q","calibracion","si"
"yVgxqT1vikk","calibracion","si"
"uQFtb0iMC_s","calibracion","si"
"kD57QUn5myc","calibracion","si"
"ooVtAAoSH2k","calibracion","si"
"4zVB5RbSTCo","calibracion","si"
"sSa4ikC8-Jc","calibracion","si"
"sKksbPPDznM","calibracion","si"
"bqZWYmRAka0","calibracion","si"
"6sY0AunanlM","calibracion","si"
"cRxvZBIa-gI","calibracion","si"
"hbz63Ve-eIY","calibracion","si"
"tBavPTWewvI","calibracion","si"
"K7Id6cnwfD4","calibracion","si"
"l0mvXogANE4","calibracion","si"
"1aYoIZvabbk","calibracion","si"
"53sUjFv9ByI","calibracion","si"
"FqCs3BD6qvo","calibracion","si"
"i10a06IU4WQ","calibracion","si"
"WS2Qgx0qgCM","calibracion","si"
"BlCXEMp_lqY","calibracion","si"
"JRDGId6N49E","calibracion","si"
"cmlhEbm1kPk","calibracion","si"
"A4Lfk1Zz1dE","calibracion","si"
"co4_t2gN1T8","calibracion","si"
"gYXqv1UxW3Y","calibracion","si"
"W96L6ICcF3s","calibracion","si"
"BPvr0qWpJlA","calibracion","si"
"mZxF1IJEsaY","calibracion","si"
"lZoIkA_gf2w","calibracion","si"
"bQqJpjv-FXs","calibracion","si"
"XG6mHvi4eNU","calibracion","si"
"sezX7CSbXTg","calibracion","si"
"ccPhkyPm_3w","calibracion","si"
"ZNt9qI_LlPk","calibracion","si"
"jBffL9zUCSE","calibracion","si"
"YrEc8oMIxDs","calibracion","si"
"aY-wF9g0qkM","calibracion","si"
"mmM_JnYygZM","calibracion","si"
"9-a9Y5THTYo","calibracion","si"
"Jz2RPRhF6Fs","calibracion","si"
"WxMBuBBIwpI","calibracion","si"
"7V8wTCkjOqo","calibracion","si"
"9-6hQdFeolc","calibracion","si"
"XGVWdSnml6A","calibracion","si"
"OrC9cLYMbas","calibracion","si"
"S3G4pb-x8tQ","calibracion","si"
"IV3KuMGVNXI","calibracion","si"
"az-C2c33trQ","calibracion","si"
"twsGnp2X-aQ","calibracion","si"
"Ccutfm_Srzw","calibracion","si"
"BZ32w0SSAoY","calibracion","si"
"QJZHs1CSxu0","calibracion","si"
"90rWUjKjnAE","calibracion","si"
"fOgb0Es-lVs","calibracion","si"
"EiljRL0977M","calibracion","si"
"KgRib8AM0fs","calibracion","si"
"tVjrkpjWG5o","calibracion","si"
"gu54VVeDD10","calibracion","si"
"D77FSUkPJ3o","calibracion","si"
"zhCNn7v7mvs","calibracion","si"
"-ahWdCysMYw","calibracion","si"
"BLwskVnHbs4","calibracion","si"
"E8BGpIxzYc4","calibracion","si"
"u5AT15mgbHk","calibracion","si"
"qgW8LQ8iBuA","calibracion","si"
"Xi6tDqctLsY","calibracion","si"
"vQgUkn3rAMY","calibracion","si"
"QuyZHin9B70","calibracion","si"
"ilsJgwcAshE","calibracion","si"
"0JxJpNjI9Y0","calibracion","si"
"u3ZwnulzLnU","calibracion","si"
"ktonI7J3kLY","calibracion","si"
"QnwfcDZkwh8","calibracion","si"
"cnZeOytEkIM","calibracion","si"
"ZCj2wuKBBu4","calibracion","si"
"fTxvwVj02P0","calibracion","si"
"Dxq_U1TNx1s","calibracion","si"
"x76BIV88j_M","calibracion","si"
"JSBB-BCvavQ","calibracion","si"
"Ozbv9qBsDG8","calibracion","si"
"c-1GXhOOOww","calibracion","si"
"O5Sn5QCEAzE","calibracion","si"
"ItpY_KKR94k","calibracion","si"
"ww5fiygF6eg","calibracion","si"
"O11BgSm7V14","calibracion","si"
"ekXdohpAy5U","calibracion","si"
"kHPGZOpbnok","calibracion","si"
"1kWxymroGeE","calibracion","si"
"wE3TmHxyRdA","calibracion","si"
"FfSNnH2bbNc","calibracion","si"
"ODRfIikoU9s","calibracion","si"
"SpIlpGxuwFM","calibracion","si"
"H0uHctrx82Q","calibracion","si"
"8s0wGRkiDrw","calibracion","si"
"37T7Nd8pL-c","calibracion","si"
"j9OZ-7aCAyA","calibracion","si"
"oDLUTgEn2gc","calibracion","si"
"fRv8sOUyhZw","calibracion","si"
"9qTEHITVeLE","calibracion","si"
"cIqVilu7KUM","calibracion","si"
"E68ufJOduio","calibracion","si"
"Dp3YAxFp-YM","calibracion","si"
"FftalZUxyiM","calibracion","si"
"QM96Fv_NAnw","calibracion","si"
"_vjB_vF4Uec","calibracion","si"
"DkPPwq517aE","calibracion","si"
"5hjkSczrke4","calibracion","si"
"RCWl0rf8lpE","calibracion","si"
"IP03SkGbP-U","calibracion","si"
"eFQNwelGLhA","calibracion","si"
"iWK0iRUi-b4","calibracion","si"
"7dtomip_VXc","calibracion","si"
"KQ6Fg206O9U","calibracion","si"
"S-JSSZZaa94","calibracion","si"
"fSV0u48sEVg","calibracion","si"
"Kp51k6LY-2c","calibracion","si"
"CDCLwX2fo2g","calibracion","si"
"CTG23wd9H74","calibracion","si"
"tTQ36qQF_vA","calibracion","si"
"jzKCg9Z5_8Q","calibracion","si"
"PBa68gCG0Uk","calibracion","si"
"f5EJBUfGZtw","calibracion","si"
"jg85DzUZ9Ac","calibracion","si"
"uhrheMJTV4A","calibracion","si"
"ZPsBzAwJzoI","calibracion","si"
"qL3hDtrTeLs","calibracion","si"
"yPJf85tjv6M","calibracion","si"
"acm-HWJhEOA","calibracion","si"
"mKZw29_UtoU","calibracion","si"
"uOSpWdAyrZo","calibracion","si"
"uBiaWJbTRsE","calibracion","si"
"w-qGSyzDL6g","calibracion","si"
"Cw26CrJUqv8","calibracion","si"
"XUCGMzLx8wY","calibracion","si"
"_cca2eNePC4","calibracion","si"
"nt4lQx6tAI8","calibracion","si"
"a1sEfGVDpEQ","calibracion","si"
"WtCfHP6rUAY","calibracion","si"
"hrhBOOrR5v0","calibracion","si"
"Wur1GWB03hk","calibracion","si"
"N2mktbl8EQk","calibracion","si"
"SoN0xClcS2E","calibracion","si"
"7LziNjUTo7w","calibracion","si"
"0gNMEyei-co","calibracion","si"
"b93-zn-DtBw","calibracion","si"
"c863uNkF0w4","calibracion","si"
"JVcKidzqpYY","calibracion","si"
"rRvy5Fbei1s","calibracion","si"
"yPV-3vjHshk","calibracion","si"
"lTSZT10JMQA","calibracion","si"
"vb-o1DvvHxk","calibracion","si"
"Ujs9o3CXUTU","calibracion","si"
"o5TM9P8U6EY","calibracion","si"
"eEfWd4EgH_s","calibracion","si"
"FHdtOtznWuA","calibracion","si"
"U1P8vZTEB-k","calibracion","si"
"40dhk6OABJE","calibracion","si"
"k8nhRJTQ15I","calibracion","si"
"5f3z1Z_9BJA","calibracion","si"
"unFVfqj9cQ8","calibracion","si"
"nPVkewp8-vo","calibracion","si"
"TBKmeolOdSw","calibracion","si"
"sZ71VEVb9RU","calibracion","si"
"unF9tdYjqvU","calibracion","si"
"Qi9soN5bpU4","calibracion","si"
"oOeJno-z6XA","calibracion","si"
"5CwIt-Alqhg","calibracion","si"
"oEmuI32GYww","calibracion","si"
"RxAmb57NCPM","calibracion","si"
"uWUAcc68MWI","calibracion","si"
"wtl7CrSQnHA","calibracion","si"
"qv9q0sFt6aY","calibracion","si"
"YiOTd6IfGoU","calibracion","si"
"2f_NYiPJQt4","calibracion","si"
"vp8oPiHN4cA","calibracion","si"
"rHLuQTO6eoo","calibracion","si"
"J4vHfpL66Zk","calibracion","si"
"KM5ONS2fnG0","calibracion","si"
"XpFNznmRoQ0","calibracion","si"
"6CgqEzyWpeA","calibracion","si"
"Qz8uXtDC1bY","calibracion","si"
"yXpd8gPfows","calibracion","si"
"WYK-smWKywA","calibracion","si"
"z0mv2XFR1SI","calibracion","si"
"4WjXH8Wp0E4","calibracion","si"
"d0EE1HuZSEU","calibracion","si"
"mtZvA7ARepM","calibracion","si"
"oTtPNgcZ05I","calibracion","si"
"ihB2dRYLOOI","calibracion","si"
"uMX94Mn9u-4","calibracion","si"
"YlGUMhls9ZA","calibracion","si"
"9yziTe6lBwk","calibracion","si"
"pZ7Lr94noLo","calibracion","si"
"F4KDOGNpSoI","calibracion","si"
"zqiNLMmEeSo","calibracion","si"
"VJZsgsY_sXY","calibracion","si"
"YosezjoL4MU","calibracion","si"
"AzM_d7ZvzUE","calibracion","si"
"5RsZJ-1_sn4","calibracion","si"
"sngtHh1iVaY","calibracion","si"