video_id,sha256,bytes,origen,frame_archivo,frame_numero,frames_extraidos
-3lnf5lzsH0,4a068bb5c768ae47b547cbd5fcfc3db184437a77f53d9967507a5b486abc0dde,309961,frame_extraido,-3lnf5lzsH0_frame_13230.jpg,13230,174
-S-R7MWRpaI,6e65fc1a7096c3c25417abd562548abc6b059a3136b54b741f6a26cfbdc2f14e,387453,frame_extraido,-S-R7MWRpaI_frame_04795.jpg,04795,76
-ahWdCysMYw,2b4c310a27310d2fedfc67c3a09ef7e636e8e8697cefc496538837c7c5d6d86d,348080,frame_extraido,-ahWdCysMYw_frame_04769.jpg,04769,51
-kA0ahrhX3I,1c345659c3aa6d8e4f6e86440ddc10a1ddf26ff967c99f69d0d3d5ec0d1541df,395346,frame_extraido,-kA0ahrhX3I_frame_06131.jpg,06131,83
-wLEkq21cvA,8385eabdc98e92f32a4f20d5f6a3aab4c83750c062f9c848c8af7a8d70c91852,342254,frame_extraido,-wLEkq21cvA_frame_07183.jpg,07183,87
-yCol_7qH2U,8a77e6f228de10ac8e572f2a7e7037ff3f14e9c269458d69213819d2e47a98e0,239330,frame_extraido,-yCol_7qH2U_frame_07566.jpg,07566,104
0-db3wFRfSc,3cebe591b9087820fcb4939cdcf9a4453685a8c0d34c86ba2214b175334551d4,309616,frame_extraido,0-db3wFRfSc_frame_12230.jpg,12230,118
07lfvavMdfU,2498809b34b62a75a305c99c522335b9f3d6177bc741dc1a8008e5af8cba5bc0,413633,frame_extraido,07lfvavMdfU_frame_07441.jpg,07441,80
0F7KDLz-kIQ,12cfb75994e2e18711a8d0e3bcc6f48ee36298718fb1d89a33ba86ad510a1148,431094,frame_extraido,0F7KDLz-kIQ_frame_08481.jpg,08481,93
0JxJpNjI9Y0,23f8bd3d3845220457ad26d2f39a1ef377d67bee9dedcbc3db664ecb51897a6c,379193,frame_extraido,0JxJpNjI9Y0_frame_08509.jpg,08509,91
0gNMEyei-co,4b188882a86d51d44c4d5cae9b92f4a1bd515fd2a01e4b72e7d4a672767b4b60,355922,frame_extraido,0gNMEyei-co_frame_05864.jpg,05864,58
0wnNlOg42dc,60168b6caf1958ee864e5d1cb404ca4f1537b13e45d9529153a519510b748f0d,277777,frame_extraido,0wnNlOg42dc_frame_08704.jpg,08704,93
1SwHH7qQ6Pc,623268e895354c486180c0ecc746fc62c0e1e778ec87014c2c0e88fcfd40f794,60705,reemplazo_manual,,,93
1ZLiRT0C2Yo,e553f78630820060c9d3398ba4ba2b4277d7e6ba8bab7fda733d13aaccad1fcd,344119,frame_extraido,1ZLiRT0C2Yo_frame_13706.jpg,13706,161
1aYoIZvabbk,5172b2144e00221cfb0f4e15488201bf1eb90e79d8e347a2c92e1245ffab95a8,296772,frame_extraido,1aYoIZvabbk_frame_09799.jpg,09799,103
1kWxymroGeE,aeebc0533c0cee645477a76e7351220e5d01b91300b180372c94559682b7ce67,368219,frame_extraido,1kWxymroGeE_frame_10658.jpg,10658,107
1tGmQd0yOzE,c2e989f872500b7b269042df7b0b7213724d3d26f74375e17645d9d002880f67,360698,reemplazo_manual,,,65
1xLjtJnfZes,8783daeddff763e4b4056336ca8dc108e6a166cb220acde6a9e42f592fddb766,345064,frame_extraido,1xLjtJnfZes_frame_06782.jpg,06782,76
2L0m28ZLmtE,d6e8a2229bdbbe0a415c5f7d4e91eba4e124964d41f57ed0ffc415e878774bb0,411394,frame_extraido,2L0m28ZLmtE_frame_07674.jpg,07674,105
2XVgpMwY5iE,a47250b01251db18ff8a58dc561d6b22e773798579555d8f7e5989078a5ad9f8,394730,frame_extraido,2XVgpMwY5iE_frame_05760.jpg,05760,72
2e3vOxsHekE,f82fb8ae4efbbd9d4c7f20dc36291c2ee115a9f90d92adc83f202291fd438c00,311288,frame_extraido,2e3vOxsHekE_frame_07619.jpg,07619,93
2f_NYiPJQt4,784036d1bd293cf2aa39fa8bd2f68bdb1e07a185e64e76be98eb1479c8a415e4,381735,frame_extraido,2f_NYiPJQt4_frame_09528.jpg,09528,111
37T7Nd8pL-c,2bd4e7812478513878c7246baf6ba287b0625ae42e06a7e21f3aa81372a3c0fc,303334,frame_extraido,37T7Nd8pL-c_frame_07493.jpg,07493,93
3WgTBTDlQN8,c0a8235006e9aab18200502341c2137045a4c189a56e42540ce3bfe857f5be79,280168,frame_extraido,3WgTBTDlQN8_frame_05252.jpg,05252,65
3yJZ6rPoZfg,860a2d3ac6c9b7f9851d7595a53496cd7858922d89635ffab4d5c468ba83b2e5,395445,frame_extraido,3yJZ6rPoZfg_frame_07861.jpg,07861,87
4-teOQ_dJvY,4c530aa3a46414288a350f62b9e4f2bff6cd55bd4f4c0e30b173cbc0c7c17d4c,390810,frame_extraido,4-teOQ_dJvY_frame_11472.jpg,11472,112
40dhk6OABJE,bff3285a5387c5ba7c170f43190bfb847867afdc107493d1eab73ef083b107f8,411122,frame_extraido,40dhk6OABJE_frame_08610.jpg,08610,84
4WjXH8Wp0E4,2523c212912781163051e6d32e904a84667936e43861d22a87428987cb76a6ce,352605,frame_extraido,4WjXH8Wp0E4_frame_06992.jpg,06992,100
4zVB5RbSTCo,23aa12e95257d0f10644c314f37df95c44fbbad0cd60b2b089fc4ec74ca97a2d,52212,frame_extraido,4zVB5RbSTCo_frame_07561.jpg,07561,105
53sUjFv9ByI,fa3eb9120b33d9a9b96de0ed72c56180a6af5e9b99556ec924ab05fabcb886bd,377446,frame_extraido,53sUjFv9ByI_frame_07527.jpg,07527,83
5CwIt-Alqhg,1b75d8e168b2a5c2a6a6281bd0085421f6ca5fab2c1e559fb42ea792f3f4d4ad,323934,frame_extraido,5CwIt-Alqhg_frame_13142.jpg,13142,158
5EmA67lSJEs,8098d42741b25ded11f5dae8d66fd17360bfc88469e2e1d69600f70ce2974cf0,389315,frame_extraido,5EmA67lSJEs_frame_13418.jpg,13418,129
5QbKp0LQaZo,4a86a7e80f959ea7009d5f3fae88eea26bc9806c28294cc1a1f463a09fe0f4b5,365139,reemplazo_manual,,,102
5RsZJ-1_sn4,6e7433917e79f56d5c7e2468279fadb741e58e7e56b0c90b902a34afa4bc610c,337777,frame_extraido,5RsZJ-1_sn4_frame_06240.jpg,06240,103
5f3z1Z_9BJA,f80c1a67eafe6bc5a479ca19dec0f452a328cbed6dd879f96e4a3bca171b15e4,346056,frame_extraido,5f3z1Z_9BJA_frame_13286.jpg,13286,135
5hjkSczrke4,d27a0fab850912ba31c7916d1471c47972fce7e9c502402fa9cea978246a26f3,359918,frame_extraido,5hjkSczrke4_frame_09658.jpg,09658,132
5vR5aN_xdI0,90d1b7b1bee7caa1917ea38cddb6438c37975590a23ee68e3514baa125a5a5b0,313638,frame_extraido,5vR5aN_xdI0_frame_18504.jpg,18504,94
62E9ggjGS8I,8e053d53e4de855d8c458848fdcc5963eb343d5d45aa6b8440c9287dcec7b368,333675,frame_extraido,62E9ggjGS8I_frame_05048.jpg,05048,55
66fPHLmvikk,cb505d3c1e7e285f1ced32dfec018b41c8be0c34f4b45d7fda88e8bec34eeb84,344378,frame_extraido,66fPHLmvikk_frame_06424.jpg,06424,87
66h7DrOEF5k,1f432e319c484fd4c91e3459a010addaa00a3c26470eacbcc3affb63a0bff666,361392,reemplazo_manual,,,105
6CgqEzyWpeA,c93879d338e560684d1a59c0f2f757bd01032cfdf84d02beb44356718b5c2979,386602,frame_extraido,6CgqEzyWpeA_frame_11543.jpg,11543,112
6EUknQqaV1w,6a20b6d04831491979ff876b7e58d90a3f41e04e5026610e639cd0a40da96cd1,369136,frame_extraido,6EUknQqaV1w_frame_09309.jpg,09309,93
6E_Dg3YRil4,32a43a8a5f76a0b5d628837266f65fd68ffdd855ab30082fe4c2647683848d82,333106,frame_extraido,6E_Dg3YRil4_frame_07501.jpg,07501,102
6LcSv9XocTY,5424d42f803b7071b74c7f346bad22510358edb3d319603f54759822bffd1a86,293332,frame_extraido,6LcSv9XocTY_frame_08418.jpg,08418,105
6YkguepAQuQ,cac8ebdc4608ce39284839271d895d00e5d007d4783bcbc9ea8123babef6fe89,352428,frame_extraido,6YkguepAQuQ_frame_09180.jpg,09180,111
6iK4WNj6QqI,72d601b7b2f788a00e086f6669cb05f33600572b8957ee6e8f79d0682bfb4015,314367,frame_extraido,6iK4WNj6QqI_frame_07485.jpg,07485,76
6sY0AunanlM,6172fe7c59baf3f83c1000959a953684fde3759a0925020af013eb016c70dad2,329788,frame_extraido,6sY0AunanlM_frame_07714.jpg,07714,77
6sew_hdI6cY,7292aa9ceec7540fbae619c835d3d9e3bfbddce2ea8e0ec1641a1d25dc77e81d,352943,frame_extraido,6sew_hdI6cY_frame_07507.jpg,07507,95
6uEX5RKd0Bk,c11bfd2f3595c2cc112e3272a3784b545975a7c9a1c1bc6183bc0be855db0590,286917,frame_extraido,6uEX5RKd0Bk_frame_09453.jpg,09453,114
7KqYdneuJjo,ffec0258b3a69e842d34757a4bbdb740a1cb5f43043272116048098769727cc1,277546,frame_extraido,7KqYdneuJjo_frame_07912.jpg,07912,105
7LziNjUTo7w,bd7313a1bfdb2703fe2511d7dc417be734cfbd8424cb0e2ac9eb83561520cb85,405779,frame_extraido,7LziNjUTo7w_frame_08708.jpg,08708,84
7V8wTCkjOqo,d11f436e512cf6284a30ed8a6bd5da2d206a69139ae6a88aa0de99902d8e2c9d,311922,frame_extraido,7V8wTCkjOqo_frame_07034.jpg,07034,94
7dtomip_VXc,7bee8ab1ff0d904beee243581b8d4d390b52d8b80b33a7ee2e2da2c5a08d68eb,354239,frame_extraido,7dtomip_VXc_frame_08327.jpg,08327,121
7wBOFcP1HwA,33bb4fc3d0cb1d54abb77e9abb95e0a5bcaed59e6aa51d2c9041cd77833caf10,397650,frame_extraido,7wBOFcP1HwA_frame_08775.jpg,08775,108
8TExnSvZqt0,1b2a1404f6dd3dac53698354f532149e81018eebc34dcb45fa86238f78850c32,415265,frame_extraido,8TExnSvZqt0_frame_08530.jpg,08530,97
8ZRWzn0G39g,ff63b061f9e40a83ea70418a7a26e084a9a8a82e4f0b2a83da90db1b15125fca,301292,frame_extraido,8ZRWzn0G39g_frame_07022.jpg,07022,69
8s0wGRkiDrw,2a9b4ac03585b280e0993398e03cf7085814f15d827ec0954cdaafeb1d36766c,382076,frame_extraido,8s0wGRkiDrw_frame_09492.jpg,09492,93
9-6hQdFeolc,4796108566d7a9bffb0b7c35b297c901f581770c3fe20050368d8c9639d3ff87,347851,frame_extraido,9-6hQdFeolc_frame_08765.jpg,08765,101
9-a9Y5THTYo,9ced3877ddba4e4b0fc9cbd8a5719a03f1542911a6c21fdde5a3d23ff34e4bc9,312291,frame_extraido,9-a9Y5THTYo_frame_09920.jpg,09920,103
90rWUjKjnAE,fecc21e5e343c60d6df140d35afe098abd4bb0fdc8de56225f151577ff9b2d94,369112,frame_extraido,90rWUjKjnAE_frame_11112.jpg,11112,108
99nNHsbwBpg,0589308be8cecb0f007159a84ad82e514f8f5d3eb2a660f30984ac87e0b60acd,337187,frame_extraido,99nNHsbwBpg_frame_11315.jpg,11315,157
9Cg81Xgg7LQ,4cebef9fae9ba032736eba2370cb9d444c07514577f48ca18c52b082673ec17b,249636,frame_extraido,9Cg81Xgg7LQ_frame_08388.jpg,08388,103
9LhiUsg3knw,78722c05568380e63a28d60e6417b9bff381ab98e14bb22a8cc901b1ed970f84,302413,frame_extraido,9LhiUsg3knw_frame_05556.jpg,05556,72
9qTEHITVeLE,97afbd7442c9842c4fbd11f3bf6d92f6cbaf578c15d70f7adf6b1573cf428053,405854,frame_extraido,9qTEHITVeLE_frame_07573.jpg,07573,107
9yziTe6lBwk,adc8f49a3c56b156c3cd7203006550723dcf7202a8df41b1f63b5df8d223e98f,352494,frame_extraido,9yziTe6lBwk_frame_06486.jpg,06486,84
A4Lfk1Zz1dE,3466bf7d2b480c7fe1e7dd0cd5190938213fc2bfa6d39ec952d19906a05552ba,327522,frame_extraido,A4Lfk1Zz1dE_frame_06645.jpg,06645,69
AS2JeM2FUzE,fd384c561631cc76ce0799f6247a9eb605132d0741d6b040f4a553b13cb09ab5,283880,frame_extraido,AS2JeM2FUzE_frame_09793.jpg,09793,133
AzM_d7ZvzUE,ffefb2491944114589fea9f40481a096c7694504fd7f483c1238c9e7464c5fa2,348940,frame_extraido,AzM_d7ZvzUE_frame_09019.jpg,09019,125
BLwskVnHbs4,b99783bc8467d08cdf917518086b66ee82b19dc6d7cf098fac760b9e6f859367,367907,frame_extraido,BLwskVnHbs4_frame_10974.jpg,10974,117
BPvr0qWpJlA,4bec4f0e2c0125aba9560383ba8bc01f75753a5f8ef403ef7f22259102ae879f,392579,frame_extraido,BPvr0qWpJlA_frame_09085.jpg,09085,89
BX1K8x1lVLc,cd234ef5b8235b5279786aeb53707eeb5b866d0d3fef67a7e2d60cb5c3032d0c,364097,frame_extraido,BX1K8x1lVLc_frame_10247.jpg,10247,100
BZ32w0SSAoY,b10eca450b6d593ac1a14b37faa400b29fc30ae2480d03fc2b6dbc60984b2cb5,390085,frame_extraido,BZ32w0SSAoY_frame_16311.jpg,16311,156
BgT_bDAejSQ,6aad4248de06302268e9d18e136c62a73eb067c107e7d0f1eb2048b584a4671e,424785,frame_extraido,BgT_bDAejSQ_frame_08729.jpg,08729,89
Bi-1xjXvKgs,faf26e00c88e0751371ff11bb6bf23115c4b838b874f285a77898a03d40442da,333095,reemplazo_manual,,,79
BlCXEMp_lqY,fc3138ba303b4b192b60910dc70f6cc89dc70991178d67906d95ae484f74fa63,275443,frame_extraido,BlCXEMp_lqY_frame_07327.jpg,07327,89
CDCLwX2fo2g,9cc910b0a012fd729286a0a79eabcd13edd69f4a9fc48f1aee431800aeca1424,345521,frame_extraido,CDCLwX2fo2g_frame_10689.jpg,10689,118
CE03UMddoYU,44966637047f25fedf757833498c673950cbf7d04b761f3de416b97ec5359859,281109,frame_extraido,CE03UMddoYU_frame_11599.jpg,11599,118
CTG23wd9H74,c4c047f9c51c9268caabdfec56536d874896ebff79c56db7d7e08f3a3cf7790c,365432,frame_extraido,CTG23wd9H74_frame_07982.jpg,07982,80
Ccutfm_Srzw,1779270faf67ef73714aebdd88722b07d44256354265005170c819206fe5c371,356872,frame_extraido,Ccutfm_Srzw_frame_08746.jpg,08746,86
Cgv0kfp_6xQ,1ebdf81169256273b3eedea85913b4ca664e2ac4e6d2e78115341a2a9c87b1c1,370812,frame_extraido,Cgv0kfp_6xQ_frame_08667.jpg,08667,88
CsD5bmM6mpY,4a2ed441090dfd0efe0ba770b1436c67edfadbbda3bb8af3d718f2ef1e63a564,383476,frame_extraido,CsD5bmM6mpY_frame_05472.jpg,05472,77
Cw26CrJUqv8,4d77dbd7dace64225e3877358c2f9cf846e780fc429254267b5fb25f91d750f8,356387,frame_extraido,Cw26CrJUqv8_frame_07780.jpg,07780,87
D6rG9eZ5Qus,2e32d40d6d78be9f380794f48d4d6acd287cd7fe14e4dcb1e88f0cf209142985,387465,frame_extraido,D6rG9eZ5Qus_frame_03945.jpg,03945,56
D77FSUkPJ3o,78bcf1361bc9910b17ad0b512464e81276d2b708749ea9eef08b8a3459a7e8fb,283403,frame_extraido,D77FSUkPJ3o_frame_06169.jpg,06169,76
D9qTotVJYss,bdcf5c23255da22aad63589af1c275ca4c33b89e1b50ef694fa4c1ad359680e7,349362,frame_extraido,D9qTotVJYss_frame_07386.jpg,07386,77
DAJZAygxDZA,e6350c4665c8561c6be649014419cfdcb5822b61f0366915c569f980fb805747,337975,frame_extraido,DAJZAygxDZA_frame_09220.jpg,09220,95
DBmmQDlIXWM,6c585306ac9d557d96b060543c35fbe55f40909c5cc1ab66b3a07021ff72e5b7,339622,frame_extraido,DBmmQDlIXWM_frame_10104.jpg,10104,111
D_4dsXVqzMs,f63fd35ec1ea3b8b196fd79f5767c09550e9147cb1434508b2db71406114f546,53334,frame_extraido,D_4dsXVqzMs_frame_07946.jpg,07946,112
DkPPwq517aE,2ebd57bc9bb6ee879b701167d21527f71c0e3ceafd176eb085e88648c5c3d8ce,394925,frame_extraido,DkPPwq517aE_frame_06502.jpg,06502,94
DnTQ3matqts,da816ff16e2fe3b3ab4db01f762bbcce682b5d810caf0d2617ca08e31899a97c,320901,frame_extraido,DnTQ3matqts_frame_17780.jpg,17780,93
Dp3YAxFp-YM,8b0b9542879eab666b20ead792d45fec587ba45e47f021436348684a1cabb398,361122,frame_extraido,Dp3YAxFp-YM_frame_07394.jpg,07394,107
DrkaU99l9S8,d1fb94531956e3296a5b431b4b629b174acf4b6f2811dd7c18acc6b19675b8d6,382388,frame_extraido,DrkaU99l9S8_frame_06976.jpg,06976,86
DxHO2TWVN8I,3283fc7cfe8e9118706e4ecaa83ce5060e3dc52db8fdb37377bf0207ece6d990,273302,reemplazo_manual,,,131
Dxq_U1TNx1s,70e04b24c8a62d882cf564b801c600271f1bd5b052b7a9ec84778e42d40f7646,264313,frame_extraido,Dxq_U1TNx1s_frame_09190.jpg,09190,98
E68ufJOduio,5bef854dfc2f93dd52b543db247d2234311221b6251722a0b2aa64967240b258,356043,frame_extraido,E68ufJOduio_frame_07847.jpg,07847,84
E8BGpIxzYc4,97380608917fa4d401b0ccc6303397f87c040f3e8e6b7db8e5bab451de40927d,344871,frame_extraido,E8BGpIxzYc4_frame_08904.jpg,08904,91
E8wYXtvGy5k,89dccd6d9e8d956a607d4001fb09e00a3c20f95830878eba751ed3c62bd1a60a,371013,frame_extraido,E8wYXtvGy5k_frame_06270.jpg,06270,72
EiljRL0977M,5740916ae65cf2688ff2176ffe9ea78851aa46971c1e71adad79491e8728aeb0,336748,frame_extraido,EiljRL0977M_frame_09176.jpg,09176,90
Eoq7E6jMtBs,7db8d05778cf6223433c8c21b2c1ef37acdd8191addcaf919025cb2b8f03c5ec,380146,frame_extraido,Eoq7E6jMtBs_frame_10610.jpg,10610,107
ErXwuwF2mRU,ee15c7f51a562d95d0b05a3009751b154779c37b83c7941d5047b6ce5555dbbb,355706,frame_extraido,ErXwuwF2mRU_frame_07611.jpg,07611,75
F4KDOGNpSoI,d9e2d41a127ebc61f410d37c31a1afb66c9730a3e82be00da82c1f5debbcf85e,422334,frame_extraido,F4KDOGNpSoI_frame_08824.jpg,08824,108
FHdtOtznWuA,88b64ed37289b30d784fae70adee4f58af0543b01585d2d6e4ed91d5f3046413,334826,frame_extraido,FHdtOtznWuA_frame_12555.jpg,12555,125
Fd2c7NDYfpo,71845916a4df70064c0b46585b5aee86ddb98ad0188f2a7df68e96e2523390f0,367685,frame_extraido,Fd2c7NDYfpo_frame_06628.jpg,06628,93
Felt-hOU6kU,8940d7c775b359cc30f8c7865eb8f9c349197d46389bdd74b985fe896e9849eb,394429,frame_extraido,Felt-hOU6kU_frame_05742.jpg,05742,56
FfSNnH2bbNc,7d02cf5b8511216b5676c2bf6704f246f345c3a318d301f023bac24f1628dea8,349698,frame_extraido,FfSNnH2bbNc_frame_09580.jpg,09580,104
FftalZUxyiM,0f4f7fec0c945aac678278c32435223af59d6c2fa052f6c23c36b7e9b9307ab3,416878,frame_extraido,FftalZUxyiM_frame_06278.jpg,06278,77
FmhL2334GIY,13b9ffdb05aedc9b843b4a249c020392961bf45b5b6300e285507bca697fcb6a,391992,frame_extraido,FmhL2334GIY_frame_08349.jpg,08349,93
FqCs3BD6qvo,84195b0560f57992be714e39a4035013155f1d10887f182e00f0c298e92893a3,395046,frame_extraido,FqCs3BD6qvo_frame_06287.jpg,06287,67
G07keU4g-LU,5621d79e943df42dd1bcff7f5f64f261475b30e4b47bc79d05af024139739da5,292860,frame_extraido,G07keU4g-LU_frame_08760.jpg,08760,122
G5tNCpmD2uQ,3b9d80f948cccfbc0e388ed69948bbacff1ea1a0845029cf8b4655d53d86b4ac,406693,frame_extraido,G5tNCpmD2uQ_frame_06536.jpg,06536,93
GJ1So_pbZWk,2f01af507c872c4c5e3250634e5d5fcb22f352eda1e6ce9ad2fd3f17cc5a8a83,345661,frame_extraido,GJ1So_pbZWk_frame_09603.jpg,09603,118
Gds8hl8dKuo,b8acc9847bf3c0007aa2d4baaab83491594155e3cf99f097003e033c7cb4684b,269388,frame_extraido,Gds8hl8dKuo_frame_06828.jpg,06828,89
GoziWpmFCS0,0b0d7a1293a146f6c0f35951040e143c6470e8296ada5e0d2fd9140d6bd9849e,288966,frame_extraido,GoziWpmFCS0_frame_05196.jpg,05196,56
GxjMSvwcgvw,c61fdae457f00d82463bb952e8a175fdd272072d8bee59638a9d47d299e6c873,397621,frame_extraido,GxjMSvwcgvw_frame_06691.jpg,06691,90
H0uHctrx82Q,5da731838e4f85df6a0376cf3439d72d56adbbcbf197964233da9ae9203ba109,404729,frame_extraido,H0uHctrx82Q_frame_10065.jpg,10065,98
H2fOkeXxpyw,966cfec8eb1d2b46ae43a7c1aba09ce39035e4023663cb42c3a15a1584d3c6fa,173246,reemplazo_manual,,,0
H51Ups01ZpU,0a4749aaba4459e755f1bd7cbd3aa6fec988f92dc845c0511aafeb1f90b62353,299307,reemplazo_manual,,,139
H_S7CxtHgSM,c5b536e7f0575208e15af9d3fd792692c1a0f0e4d67b19e9615a015bdfa5f288,353384,frame_extraido,H_S7CxtHgSM_frame_08638.jpg,08638,84
HcmEFZukA-Y,d575ec8052155bb551184c393a865869f04af48d259aae51b2ea3f8cdc438ce2,332363,frame_extraido,HcmEFZukA-Y_frame_08114.jpg,08114,91
HrYfdnPp6qs,e0dfe5cfd242b62de6f3ced73ce9bee56ff7cd5f0ec5679013f8c44346202156,391004,reemplazo_manual,,,90
HwHVFWdczVw,8489aa7c5cd5513da63526a0e2e117ea2536bfe5dbbab274457295da0c5abdb8,312563,frame_extraido,HwHVFWdczVw_frame_06284.jpg,06284,83
INog0_9tCtY,52ea9df03fbdbe77d4a98fbbbb56bbbc3611070ecf348fbfa3c85c8a85879eb5,356301,frame_extraido,INog0_9tCtY_frame_18330.jpg,18330,178
IP03SkGbP-U,2364ee0686cc47193d380afd215ee19f8a1212ab5c9b787db6dd42056820b235,357471,frame_extraido,IP03SkGbP-U_frame_06259.jpg,06259,89
IV3KuMGVNXI,722b8458fada4fb209e28e4ff2c876ad9638e6fb9faf7b5c8e38ca75a23f36bd,321172,frame_extraido,IV3KuMGVNXI_frame_06294.jpg,06294,109
ItpY_KKR94k,1dc4152649398cf5ba955a49916b93a9a2ca3a3ceff99d51958738d4907c9127,324257,frame_extraido,ItpY_KKR94k_frame_11890.jpg,11890,121
J4vHfpL66Zk,32eea24cb88d6fd2772a771b8d193ae6f10da76e024a1f4f65afc4443b33cb2a,390144,frame_extraido,J4vHfpL66Zk_frame_06809.jpg,06809,97
JG5p-i8Cr2E,a4fbf22efa4dd8149df182f645589bb549b467c29eb3ad709f6447fc9749a897,295974,frame_extraido,JG5p-i8Cr2E_frame_13124.jpg,13124,139
JRDGId6N49E,db88dd8e8347d2e765286e2e032f9ac93bac8a3f000027edd116cffc1f05db42,308813,frame_extraido,JRDGId6N49E_frame_04436.jpg,04436,63
JSBB-BCvavQ,c0bb9106036b2332251249387549803677fe7a4c7a526e47d44ebf1a1e6f2761,371377,frame_extraido,JSBB-BCvavQ_frame_07064.jpg,07064,87
JVcKidzqpYY,bd6b4a504c45d8633b8463029d239fa6285875f29395747bddbefa2971aa0937,368400,frame_extraido,JVcKidzqpYY_frame_07052.jpg,07052,102
JYeXbUdFOdw,3eca306a61a7cc16be463ea5a74929ae2f3a5619dc4948d4a7ea838098a356e4,275504,frame_extraido,JYeXbUdFOdw_frame_06374.jpg,06374,83
JcHSFIZMYHc,5cd13b22e0fd590687cdaad391f70ba5c0369610129d24f5ba0354e61bad665f,289441,frame_extraido,JcHSFIZMYHc_frame_08896.jpg,08896,114
JiWHomdh1oI,063aebc375b465f80584d8192985fa1e59f6e13e79af0a7887cfd7a9c5654d54,349346,frame_extraido,JiWHomdh1oI_frame_07453.jpg,07453,76
Jkx6kVbDpL4,7c7acc0db07849fa883336b7e0811eea8bd5f75963c397ddad1f3abe2fdc3274,374104,frame_extraido,Jkx6kVbDpL4_frame_14397.jpg,14397,153
Jz2RPRhF6Fs,f2bb4936ea1198208fa62c1df31230d357809b27487078949f6f3ead26a7284e,284090,frame_extraido,Jz2RPRhF6Fs_frame_17219.jpg,17219,84
K27WjYwyqw8,7e43817c55252742fff2dd3a600acabb16970ba6a931ce0ee83bf5f742378a34,296913,frame_extraido,K27WjYwyqw8_frame_07112.jpg,07112,97
K5ww_O4vsxo,5e681108202e6548fbeb2c8c4392f36eab1cb9aa43b91977041fd90a62e08561,460020,frame_extraido,K5ww_O4vsxo_frame_08169.jpg,08169,93
K7Id6cnwfD4,2c808e089e9e7fdf94fa8283667a012cac3718198be8ad3a7dac5671b303bf60,220316,frame_extraido,K7Id6cnwfD4_frame_06240.jpg,06240,121
KM5ONS2fnG0,82e3f254e5177b170efb43ef2e6182d8d6f995a1507427470b2b113219cbef37,410173,frame_extraido,KM5ONS2fnG0_frame_11190.jpg,11190,108
KQ6Fg206O9U,a7bbba567982367363aae8a8548f773f4a1b3a4a408798bab585378ee2455f8f,349909,frame_extraido,KQ6Fg206O9U_frame_09993.jpg,09993,131
Kebb0LOVC28,3fbb5c5c1637dc8372973062b4f56a7dbf075902ae21b06644c7a0c026887ed1,377175,frame_extraido,Kebb0LOVC28_frame_10567.jpg,10567,116
KgRib8AM0fs,0957825dee039c488c2a054bdaa0533ecb065d0553b295c2d46b9d3ba2fdf675,420432,frame_extraido,KgRib8AM0fs_frame_07066.jpg,07066,81
KiH7hVJKzns,e487512ee6b24b7ae5306590ad20dd1ddea06cb5932c7e8a27441340d975e982,367010,frame_extraido,KiH7hVJKzns_frame_10597.jpg,10597,104
Kp088QTRmLk,06af663acbe26aff401ea83199dbc472fa23da236949605c5a9a874436677f2a,309508,reemplazo_manual,,,88
Kp51k6LY-2c,a6e8fb9790e09c9ebf5363bf0bf5ad89b4c2011fdfb1cbb40070ca3e165de826,365890,frame_extraido,Kp51k6LY-2c_frame_08631.jpg,08631,86
KywvGM6HVXI,884bf40c275ac69a17e51dc6b7079edfa7c9c3d5982c9ffdd156ea3f314781d6,289656,frame_extraido,KywvGM6HVXI_frame_08022.jpg,08022,108
KzJKdUZ3Ba4,32b466b2be04838b9a3bcb39cc85e0d01306c1649cc7c6e95700b73b1cf67719,375404,frame_extraido,KzJKdUZ3Ba4_frame_14205.jpg,14205,154
L8a6qI14MwA,96d66333d7b8bb8d299d7f6abbdd498dbfaf733377c8a8491d165b37635f5ee9,418206,frame_extraido,L8a6qI14MwA_frame_07900.jpg,07900,76
LD5ksgnu8r8,e9f903e18a0125369a4806129cd36a5f28e5e306bf3167430947a5a8c6c31aed,308161,reemplazo_manual,,,0
LPZlrX2cNjo,81dc1183e1a3d62a0f4e44e81520a11144c24a5d2f63b5ae759e741eb341b46c,314617,frame_extraido,LPZlrX2cNjo_frame_07816.jpg,07816,103
LYP98nPBj2A,86d61b543c165683717d065050a4460cb57bb29411e15e0446ed53fb19fab275,371521,frame_extraido,LYP98nPBj2A_frame_07153.jpg,07153,80
LxeSC3-xMlk,58642ea9c78fb510fae1a33e071c28f352d72ee1fe5730cd8437732c0ce5db37,347856,frame_extraido,LxeSC3-xMlk_frame_09208.jpg,09208,114
Ly_UhX3LCCs,24356e664f64328a6f232b9317040dc323a54ea4cec0bcb7fa2a2b8168d0f90d,323583,frame_extraido,Ly_UhX3LCCs_frame_09712.jpg,09712,100
M_hqigB9C4I,ea57107de2560bc1e5e76cdf18c7e638536ff352e300062944b2ddc92720ad9e,304765,frame_extraido,M_hqigB9C4I_frame_09642.jpg,09642,132
MbkLJ62jtMc,236a38275a64564bc6ac4243d96c10ea715d5a7bbf32e3ed818aa038849fe737,328841,frame_extraido,MbkLJ62jtMc_frame_24180.jpg,24180,117
N2mktbl8EQk,37c75c4643a35aa65663d79e00b9e13b5ef95b71bdb8b45d32fcc918cf20c28a,388969,frame_extraido,N2mktbl8EQk_frame_14422.jpg,14422,167
NfUwtK8ALtw,8ab26a737696f5d1de50d952c34734de8f01daf4f3afd66a4247fa39ebc80c8c,358485,reemplazo_manual,,,0
O11BgSm7V14,e290b0a1461d9061966c69dfe49eb48462794af6e8b145332fe36eba298bdb9d,308194,frame_extraido,O11BgSm7V14_frame_06294.jpg,06294,101
O3s3MWD-UUA,865a6ab9c964a765d99180489508225ae2be57ed2e4790d2513db327a6a6bed2,286685,frame_extraido,O3s3MWD-UUA_frame_08134.jpg,08134,101
O5Sn5QCEAzE,1dcc8c8820297fe5622323a88213454eccd42b2600e8ef608ff47af38d1e3f95,258604,frame_extraido,O5Sn5QCEAzE_frame_05663.jpg,05663,70
ODRfIikoU9s,c596cfc72ffacd6f13e2c5e89349197c28e22e3b6ce5cd26842ec672a109a226,369506,frame_extraido,ODRfIikoU9s_frame_06982.jpg,06982,77
OQKOHNtyz3E,e04a5759cc2ef78ae10b1966c5174e110c3410e12cb107bd794039a11a8c1e13,396901,frame_extraido,OQKOHNtyz3E_frame_09677.jpg,09677,95
OTPyxlTjWp0,b3c0429ea0babfc734495cf2dc7cb15388e12bf9298386e8d584eba108efc7e4,286999,frame_extraido,OTPyxlTjWp0_frame_08210.jpg,08210,107
OWLGK-eVrTw,a556125d46710a26a276895dbb15796ec894922df9e9d26fb547e23b784a11e8,382039,frame_extraido,OWLGK-eVrTw_frame_06175.jpg,06175,62
OYHSkwt31Vc,6e6e729580e7b271622408691fff388dbebb37e8647fed96ad85b613640bbb60,295162,frame_extraido,OYHSkwt31Vc_frame_08007.jpg,08007,98
OmVQ6pNDbaY,3dbf500d5e7a87ae2bad6acae738ae62cced01202b278bc656f2376c007a3ba2,310782,reemplazo_manual,,,154
OrC9cLYMbas,73f27d0841876f483e3fbf09dae24336054d52ac787fdbe5627bc7563ac25b25,395465,frame_extraido,OrC9cLYMbas_frame_06407.jpg,06407,87
OuQvFd44vw4,5aa4626c8e63758e26a365eff96027805f2d1d694b49ef51fe8d0a62a00bd2ce,60368,frame_extraido,OuQvFd44vw4_frame_09393.jpg,09393,115
Ozbv9qBsDG8,e6099392ef02e2b578ee0fdac5e21f2b9eb3e892fce7e71866e02eb0cd0020c2,384002,frame_extraido,Ozbv9qBsDG8_frame_09376.jpg,09376,91
PBa68gCG0Uk,8236b8e4e9ccba7505ae81757e4216f20bc34edac9c3d4e2d4de067cc95afd19,316750,frame_extraido,PBa68gCG0Uk_frame_11054.jpg,11054,123
Pc7_uOdlGKo,a3d8f3c611127bd76d0943c2c42ce3fa9f7769886fab3e485de4446ccc93de70,357697,frame_extraido,Pc7_uOdlGKo_frame_04714.jpg,04714,53
PgeQufaQy7I,efa5badc7a4d75de4c5cab2f00a2fc50ea08eb524daa07ac8181a1c0dfcd8aa5,286930,frame_extraido,PgeQufaQy7I_frame_10655.jpg,10655,112
PoYiSKUy8sE,0cefd0d5722a369bf590324923b06b0ed4a9a68c0c3ef8f3ca5731033b6a73d6,349289,frame_extraido,PoYiSKUy8sE_frame_06804.jpg,06804,83
Q6r_QbYXFpg,6ead85575266fc802166c8e012b1902cdd7127860a89e08badb6ac2c3a6b6b34,369335,frame_extraido,Q6r_QbYXFpg_frame_06341.jpg,06341,80
QJZHs1CSxu0,468630203670ab114cfd036368277d643abc6b2894d80cc09e9b6506c40513a3,303532,frame_extraido,QJZHs1CSxu0_frame_05283.jpg,05283,62
QM96Fv_NAnw,fb0ddf00ac211a47375eed4de63f716a1ee99e4da327bc5264185388e7040ae3,382802,frame_extraido,QM96Fv_NAnw_frame_14627.jpg,14627,147
QOtCpD23118,c7882a03874d75e95669b1fc8d5cc15b267b3cbe7dba4418a0650410a777e1c5,325781,frame_extraido,QOtCpD23118_frame_08332.jpg,08332,88
QhdFIHbB7T4,69653562c1a86c913b98df05882913bd6259dfcdb8704712c5a7810b0387da3b,221901,frame_extraido,QhdFIHbB7T4_frame_05760.jpg,05760,104
Qi9soN5bpU4,966b44a0c1d3fe0cd032142c0d83a379eea2a98df36b6a83f0cfd6d0aabeecbd,357261,frame_extraido,Qi9soN5bpU4_frame_07236.jpg,07236,84
QnmmTIYZxNI,44d6fac06f750489175bd3876ff3b563f7a76159b50ae95a4efa6b82ed1fac80,283348,frame_extraido,QnmmTIYZxNI_frame_15954.jpg,15954,90
QnwfcDZkwh8,5f49b0a754653954f8e931dd40ed6c12d75621adcc6a3ce0e3609074648866ac,305122,frame_extraido,QnwfcDZkwh8_frame_08782.jpg,08782,98
QuyZHin9B70,aa0a72efd7dab174d4f084edef888d670d26a2c247135d0153a841ac3db6eaf0,361897,frame_extraido,QuyZHin9B70_frame_09312.jpg,09312,108
Qz8uXtDC1bY,b78cd0fbf168e1b76dd95393fea9ada74501afb281a4c2d4222e716d3158a797,329870,frame_extraido,Qz8uXtDC1bY_frame_13680.jpg,13680,143
R-DPMUjZEf4,ceba0d8418161f421a9a35ccef804d398bb9b19af340a4e144a80ee9f4d8179c,328574,reemplazo_manual,,,114
RCWl0rf8lpE,fc51cf423d9a53ddf3758ca66f7085ad2cd1321caf847fd76b23b6996fdcf22b,366033,frame_extraido,RCWl0rf8lpE_frame_16540.jpg,16540,160
RU__HBEMDvQ,8d9c63e3a26294adca6afd2bbc6ed900cf847480b085748090530501f75d9bca,265348,frame_extraido,RU__HBEMDvQ_frame_08497.jpg,08497,87
RxAmb57NCPM,d845a6ab0597009f0e2ccd8fb682e0ad9c254cdaab9cd60486240b616142527d,372404,frame_extraido,RxAmb57NCPM_frame_06268.jpg,06268,86
S-JSSZZaa94,0c98b7cabaeae9c6b4ec2d4fa4290848ef04287a1b432fedbe36649f554a7515,266808,frame_extraido,S-JSSZZaa94_frame_09410.jpg,09410,115
S3G4pb-x8tQ,fa4d4ad4ea2b73f4b3543f74423dca808f438604685c66f61d88f92ab7e76296,252359,frame_extraido,S3G4pb-x8tQ_frame_05280.jpg,05280,98
S85DeDgWQSc,1011e16d3249b7afb8cff0d7ee5d5200d2b56da3a05d54db008f6b5ef5aac352,313130,frame_extraido,S85DeDgWQSc_frame_06931.jpg,06931,68
SC6n6J8Bi58,1bd4e41ac4d7ec9c52dbeecfd579d7d501b9bdc321423fd233bd82d2ba7a133e,308994,frame_extraido,SC6n6J8Bi58_frame_10073.jpg,10073,107
SSWwnNVYi_Q,99074844cf0e007dda2ce5926a351b8f238601d1fc7dbcf3d2b8b0044829c318,53071,frame_extraido,SSWwnNVYi_Q_frame_07878.jpg,07878,97
SoN0xClcS2E,44ae495e0755db2c015108cea4cae8eab5c51dbb14cb9a20db37030f389c3c80,376084,frame_extraido,SoN0xClcS2E_frame_09304.jpg,09304,94
SpIlpGxuwFM,7c3afc17462c78708d72cf2c6b2921847dc393fff87d3d3d06446b04e0512e2f,369265,frame_extraido,SpIlpGxuwFM_frame_06972.jpg,06972,72
StSuG6-iKW4,e46d9a42c0d8d44f5402f864f0ceea4cf2b0526bc0f717b77f21baabe149d783,392002,reemplazo_manual,,,88
SxFag4CMWU8,e55f5397de9b41156726fba7e85e90e552382c744c1f7923417cd89572d41b5e,68162,frame_extraido,SxFag4CMWU8_frame_07493.jpg,07493,105
T048vs9p1h4,5f0499ebee60693bf1f5f9853cefbffd7ad17733a830ffa7862a4f46fdcaa8b8,384879,frame_extraido,T048vs9p1h4_frame_10254.jpg,10254,100
TBKmeolOdSw,f5050be232987f090e0e01bd372260c90bbcbeb59b215621859ebb266b3f5286,404571,frame_extraido,TBKmeolOdSw_frame_11424.jpg,11424,111
TTlyNWh0gjM,47704d52029a6e631951bfc869489e9ace7bebdc47ac6ce45fc56544a7a20f44,325244,reemplazo_manual,,,136
U1P8vZTEB-k,a8e88c676046651a0a71c24876a97ea6cf1265a4a47298b195423a9eb6b4702d,366788,frame_extraido,U1P8vZTEB-k_frame_08657.jpg,08657,88
U1kY6nSS2YQ,ccf49e06058fad87f66b3349e6fcf5ddf4f97ea54bb3fb5f5295ad7023baaed8,380763,frame_extraido,U1kY6nSS2YQ_frame_08755.jpg,08755,95
U8xlmurP-6o,07b2f8849282bbec0fec54f404d4185445837c1638daf292ba52b8c74a66bc3e,441607,reemplazo_manual,,,84
UPV6ggX4eSE,b374345e8dc2c1de299fb721e703a69d1e2b16a3192e635eafeb7deb187f7b60,236111,frame_extraido,UPV6ggX4eSE_frame_06657.jpg,06657,90
Ujs9o3CXUTU,afee5d6b6d9aada081f16dcf3814a78205ce03aa593ed93afcdbe06d19e6c2de,412679,frame_extraido,Ujs9o3CXUTU_frame_06890.jpg,06890,96
UpVF8jMB4yY,c6393cd69c14b012865ca8abe72be71106ea6b80e87fe0489dcbab279e129e02,291298,frame_extraido,UpVF8jMB4yY_frame_06486.jpg,06486,80
UsngU-HjH_Q,2d8dd64ac2c6a4c3e059bbecb9d9271c96e655ddfbf35092e785e8f2f0978905,364713,frame_extraido,UsngU-HjH_Q_frame_05096.jpg,05096,70
V6rYfjJG3BE,42a02eac0360c6f0c6e78b0f16b34f0f9c05b5c9387fe035afb47f6778f97aad,403089,reemplazo_manual,,,0
VJZsgsY_sXY,85d10065e168660d1802a39cae288b343bb7548b84548e6277ec2370190b967a,425319,frame_extraido,VJZsgsY_sXY_frame_05994.jpg,05994,90
Vrx9csoawWc,d3904ed2ee085563f0d878cf1b5d608466750491f3e63cb5af3f6f71841f36f2,417419,reemplazo_manual,,,144
VuoMhsYON1E,c3b141172a6fe56228f5a14f778f9f3ed292b34130ac8f027db578a5ce401c05,422813,frame_extraido,VuoMhsYON1E_frame_08610.jpg,08610,108
W4QzOaKCX2Y,38ce5fb34b1d5f1f18e3f227602e82eeb7e02a40fb969ffecbf58c3fe6f5fd58,270947,frame_extraido,W4QzOaKCX2Y_frame_07745.jpg,07745,103
W5qVQr-n5M8,cd70d51f81a1e7d753ca7ebcdb29cdf370a326598482f2ff09f600083935af95,450179,reemplazo_manual,,,119
W96L6ICcF3s,5be8ab942eae87388094a0e491ef2ae75b0e350dfafcd47c3890c51af174d38a,330319,frame_extraido,W96L6ICcF3s_frame_05384.jpg,05384,72
WS2Qgx0qgCM,41d0bb89be5d5b25890e88995ef23165015e66a82559b0eccf881a45dd8a57bb,346493,frame_extraido,WS2Qgx0qgCM_frame_07676.jpg,07676,88
WYK-smWKywA,efc28b4e6aad84435eae89d027bf6c91477709bfa1e05ada97c035a0eca01138,360973,frame_extraido,WYK-smWKywA_frame_09675.jpg,09675,103
WZ4YL4Z177Q,09cd9743d241a50f2b9c94b84191edd65ae9d3cfffb1d31ea8930189e99762ff,60648,reemplazo_manual,,,113
Wk9mCHyjtBU,106ae07af2117b7dc05a4642dca39ed8122188ffbc35a113c040edf25777fb17,65186,frame_extraido,Wk9mCHyjtBU_frame_11988.jpg,11988,175
WojdRyYDvDM,31be0481cfb3381bbc82ae93dcfe96b821e73bf83a23e477aa1f8bd4a0f46191,504111,reemplazo_manual,,,0
WtCfHP6rUAY,d0d29a8893329a68130624e76e6deeb627618536dd85490986cb65e84e0776c2,380285,frame_extraido,WtCfHP6rUAY_frame_08321.jpg,08321,82
Wur1GWB03hk,55b17d6ee305ef7af01f688fe97a420202a21b92e113958edb68fed752cc55d2,401126,frame_extraido,Wur1GWB03hk_frame_06194.jpg,06194,90
WxMBuBBIwpI,21d8c04ba3801d6db8fb54e44a9dcd54230cf159c39dcf5bf682e512aa043e66,282286,frame_extraido,WxMBuBBIwpI_frame_14230.jpg,14230,82
X3mC6Yfd138,1864f53e1df60a81c8f6ca5ebb776bb90b331894023fcc9ac1389cf1205d4b32,372463,frame_extraido,X3mC6Yfd138_frame_08308.jpg,08308,86
XCnul-AjrNU,dd7fc612e7b194c5bd5d4da1372f0c243d49d65490e9abc97713233d64260eab,254835,frame_extraido,XCnul-AjrNU_frame_08561.jpg,08561,105
XG6mHvi4eNU,ffb201234a0eb4bb9dce62083b7b7c12adf251a6700f7cd2a9126e7494ec402c,361376,frame_extraido,XG6mHvi4eNU_frame_08992.jpg,08992,103
XGVWdSnml6A,e464a58c80326405f0ba0311c4a1ad125219939320c340d74e86a11c7f11a29b,379428,frame_extraido,XGVWdSnml6A_frame_16142.jpg,16142,168
XUCGMzLx8wY,12f21e8dca5db2fd96e7ef0588dfd59845e56dd7e9e3cf23a5d87f9ab003c591,359788,frame_extraido,XUCGMzLx8wY_frame_06065.jpg,06065,79
Xi6tDqctLsY,5065ab42ef44394aac9ca4e56dfa0ad3a7c2b6cc506662375912436b7120ad50,489665,frame_extraido,Xi6tDqctLsY_frame_07654.jpg,07654,75
XmIhHtPJWog,acd69ac3d0b70173d40c8dc8b17fd1ff4f6a6e6303128724ac2c38d045bc220d,289086,frame_extraido,XmIhHtPJWog_frame_09267.jpg,09267,98
XpFNznmRoQ0,13a25905ffc47a598c10ab0a5c8db3d856f9215497f2cc37c42178a733428e74,336191,frame_extraido,XpFNznmRoQ0_frame_08221.jpg,08221,118
XqsgQxyZ2Tw,589e36dc44824e59096c59f7970870593379a2df93eb5ce470652967d44231a7,369120,frame_extraido,XqsgQxyZ2Tw_frame_07493.jpg,07493,124
YT21s0_ZJVQ,a867bd5b1c365aa3b914de015de517acdc821f17101b58c4bdfcaf3726d92590,495703,reemplazo_manual,,,119
YV8e36ZywLk,b67fc7b1464b276d1ac391a85f29066941b65b2f1602066ce038a311f3a7b33e,295766,frame_extraido,YV8e36ZywLk_frame_12817.jpg,12817,126
YiOTd6IfGoU,c20ea470c137c3d47cad49e965655dbee2348016f4aa30f7dee6de6fa0fa9c19,363871,frame_extraido,YiOTd6IfGoU_frame_09590.jpg,09590,112
YjASp_VccmI,1d59e31ba1a10f538facabf62ce835ab9481c3e34f6158c756c4753bee5fb794,340988,reemplazo_manual,,,80
Yju3yReAQtc,a3970b70384ed4aa6773f208991195d5094e7013ff0601d72824084beb4f1264,339901,frame_extraido,Yju3yReAQtc_frame_09433.jpg,09433,94
YlGUMhls9ZA,d231431a7f4c432856b8211b7e1ca15639ebdd561fea511cfcb0d266e55d98b9,426633,frame_extraido,YlGUMhls9ZA_frame_08740.jpg,08740,123
YosezjoL4MU,c4d37399463f988b4307160d6a61dfecd893489da143dfa654a9a60a27f81715,429565,frame_extraido,YosezjoL4MU_frame_11043.jpg,11043,107
YrEc8oMIxDs,1215ee397ebf26d43542e77d87ae897de74886c666c9a895e22b96a1dc9183c1,330863,frame_extraido,YrEc8oMIxDs_frame_05753.jpg,05753,82
ZA_0RMeeWpY,ef1241722e1b1d244c988d9b0526d144ebc3c92730530224c654cca4a7c4358d,59732,reemplazo_manual,,,101
ZCj2wuKBBu4,e737b04b363c9d72804e887f0e10b788b5470e3425c6d45a1aa77daaa44fbf76,361460,frame_extraido,ZCj2wuKBBu4_frame_11541.jpg,11541,119
ZNt9qI_LlPk,75515148f93c361998e795452edca1539d7829cb23c6f8192634faea7a4f5824,364310,frame_extraido,ZNt9qI_LlPk_frame_09256.jpg,09256,91
ZPsBzAwJzoI,859edbbbbfe95ac53e46dd83b2f50ba32abab0f30c7bd4f3b1d8de0c5f99e05d,380876,frame_extraido,ZPsBzAwJzoI_frame_12618.jpg,12618,122
ZsabzCVjkIk,abb9dded3fa0f0e4521a095175525441b97fa2cdeec278a164e06f5482311d5c,343079,reemplazo_manual,,,72
_EPfIJnBCoM,13e86a2f71de70b59abf8699cee0ba59cf01f134f6751e0914a4770e7908f5a9,343114,frame_extraido,_EPfIJnBCoM_frame_07002.jpg,07002,77
_cca2eNePC4,7ec2c09e6b5032561a90183d6d261816d6b7e49c33b0a9001d20540b923c3a51,294875,frame_extraido,_cca2eNePC4_frame_07112.jpg,07112,93
_pXybA6832o,22d356294ebf18d731e0ee296476062cbc59e4930d085190a538f7229a300118,317794,reemplazo_manual,,,111
_vjB_vF4Uec,c7c102eb71a5d67e43ef2cada6cdde36914a986c41d75751cab6042ee1842e71,353624,frame_extraido,_vjB_vF4Uec_frame_10468.jpg,10468,103
a1sEfGVDpEQ,c35d3d1e39c89909ec8dd3d44aee875301a87133ddebd07f0d2a8b4214bb4509,438848,frame_extraido,a1sEfGVDpEQ_frame_07792.jpg,07792,103
a59halVklMI,4fb1bbe489b3d4c79460a0793506d39b7936277468b01ea0d9f176043412c3ba,57717,frame_extraido,a59halVklMI_frame_06772.jpg,06772,84
a6kqyqTNJM4,6e9cdae60f4c0e9ee4415fbdf6d7efb74e8e3fc1f9a8f713e2cf21651253de83,452855,reemplazo_manual,,,110
aAYvbRhZFPo,af306315ed8e812145dda71337e49429175595d1ca4a00b4103fd315e0a3a085,354564,reemplazo_manual,,,86
aN26J-7q9Hw,094480bbc4812f8fcf24a445f71c0b7649c4f462c9e13e1922c5f5ce61c85b39,70530,frame_extraido,aN26J-7q9Hw_frame_06326.jpg,06326,80
aOY6YCpcjz8,66ebea021726038867efb46a5c5dd4ebf4e2ea85f916cd8cdd210fc68039b967,473418,reemplazo_manual,,,105
aOZ4H98XROc,9053062a5b95430ca68ec7da708b322d8561c2a266e889892b1c995e5e4a5d53,365127,reemplazo_manual,,,114
aQFztbu0BG0,78adc19a0e37b100d320204a14526f3db54a12bd61a2c84dd52d8a793ecd20a3,192359,frame_extraido,aQFztbu0BG0_frame_05095.jpg,05095,72
aY-wF9g0qkM,88bb6488a32564d8f4734010d498b8ad9df63644ecb6eabea5954ace4a4cd3c5,324879,frame_extraido,aY-wF9g0qkM_frame_06738.jpg,06738,66
acm-HWJhEOA,e73c1eee4533e7f1b17c25983055a64e21f7a9c6053b65ccf86c7ce2b46c913e,400414,frame_extraido,acm-HWJhEOA_frame_10798.jpg,10798,129
ameanoaMldM,fbe3220d7e8a522b81ac968b70b8286c1e03998dbc20204c8b51f03c348fa0a1,432863,reemplazo_manual,,,107
amh7nzl32v4,094a8322e5038793e7cb07b3e7441f25439679936577f45eddf90e8bb6a50b6f,357005,reemplazo_manual,,,107
aovXn5QDEzU,a1c562adc6824932c836158e6796261d4d70c968a29e62506198b2d876660fc1,346801,frame_extraido,aovXn5QDEzU_frame_07642.jpg,07642,87
asZIXK7V-U4,457da38f06e14eacea53606eb7815274c050a49f589b2bef81aeddcbcda37fb1,368707,frame_extraido,asZIXK7V-U4_frame_08858.jpg,08858,107
az-C2c33trQ,0c472c75c598fc4171df31696db61f88eae4d71f1ecf50b464c9c4f8c0d34626,349079,frame_extraido,az-C2c33trQ_frame_05499.jpg,05499,69
b93-zn-DtBw,9a51865074bdb92082abe645f19b0727cc62a6182920c8df07ea6fa465038593,365189,frame_extraido,b93-zn-DtBw_frame_08765.jpg,08765,87
bQqJpjv-FXs,003be08a4b7a0f629030362c5c1a51f957f415ca8dbc41d2a9e5de60ee547566,326491,frame_extraido,bQqJpjv-FXs_frame_13364.jpg,13364,129
bikXzsVihF4,d1d4f79c118d5eb7c7bf78866d424eeb82c0e70f72b0bf9485e0b615f0035466,374990,frame_extraido,bikXzsVihF4_frame_09543.jpg,09543,93
bqZWYmRAka0,96c31dc7edc1bc92870a2b40b648c197f3053f16212df0a671048f23ef5a5a12,226000,frame_extraido,bqZWYmRAka0_frame_04555.jpg,04555,87
bxvZBfbyhiA,f04ac895b56bfa0acbf56466654578173e72f623cf3e01ae3d439c1a87a00a92,398758,frame_extraido,bxvZBfbyhiA_frame_11050.jpg,11050,107
c-1GXhOOOww,d43ed3a5e5c6de2b80066dc6e59f95a1f05ec2829fdce990a392941700d3f7f0,279230,frame_extraido,c-1GXhOOOww_frame_07493.jpg,07493,94
c2TGPlvAHLs,af405383ab154ebfe79c6aa1c9ac37a0045fad89807eb3f9deba2a83ac0191b4,50130,reemplazo_manual,,,144
c6yBZBMwtLk,f57a94a4798c06472c548756a1f0e69d613bbb7485d3efb6c9f73a1a29cb43ce,398387,frame_extraido,c6yBZBMwtLk_frame_10550.jpg,10550,111
c8615P0yfi8,ab823a086f92bb0806246453ca90a8452052973506eaa94c3534b0760816271a,387311,frame_extraido,c8615P0yfi8_frame_06480.jpg,06480,129
c863uNkF0w4,7f621444d55f69f9b47b924f772d9a6f9632c706df2998731cf7f07e22e92592,376816,frame_extraido,c863uNkF0w4_frame_09071.jpg,09071,118
cIqVilu7KUM,3c5f9656b837fae5953322ef446150bb11630eed809e701af5d643455ab32ca3,394261,frame_extraido,cIqVilu7KUM_frame_10060.jpg,10060,105
cRxvZBIa-gI,3751bfda99ca9dcd9760b1e9d108a7d4de899402a8d904c57eae6740e31c14c4,328045,frame_extraido,cRxvZBIa-gI_frame_12068.jpg,12068,116
cZuoiXQ0xUk,58f623596a9c166bf879530f64f1490fbb4f33db738491b7c21cfd9baedcbce5,370113,frame_extraido,cZuoiXQ0xUk_frame_10998.jpg,10998,115
ccPhkyPm_3w,1540e22dfab0f9633d06622ca357c83465cdbeb1458944873fe41aca3d199842,327508,frame_extraido,ccPhkyPm_3w_frame_08751.jpg,08751,102
cczJb4heExQ,1e9c914143833441d2df61f308a2a86fad3807abb0065e2326c07f028deee5a5,342431,frame_extraido,cczJb4heExQ_frame_07519.jpg,07519,97
chQ1phTqvnY,d343833033c877b6c9d59b0700b98273053bf4b818dced131596ba00fc146bf9,62776,reemplazo_manual,,,131
cmYI6axlicc,34774d73daa860a37c63d016a4a669ca5edcf7b44aed5e9d96a09a882cb7bbe6,287584,frame_extraido,cmYI6axlicc_frame_08208.jpg,08208,86
cmlhEbm1kPk,9cbdd87cafdd9905979df12fb5f32854c619d9f9a38d975a0e41bab958b16912,59655,frame_extraido,cmlhEbm1kPk_frame_09022.jpg,09022,105
cnZeOytEkIM,941fd72c19044a6e7ba4ff470ef3b6490798eb8c06d2e9aa759492a240abc65f,368959,frame_extraido,cnZeOytEkIM_frame_04900.jpg,04900,65
co4_t2gN1T8,2897847ce2eb75b2f3811fe8142f6237723ff3f1be233cb22c58d630a7a17c24,54735,frame_extraido,co4_t2gN1T8_frame_08140.jpg,08140,94
d0EE1HuZSEU,a6c82e7ac8f514b37f38b2446db1d339977f5dddeef8da63b2c53ccf0c5ca067,351187,frame_extraido,d0EE1HuZSEU_frame_07397.jpg,07397,93
dAQhNjwkOX8,3f8dd83eb3f76409fc6010252ad9be86ea8eb7538199814faec62b98f42edfd0,73790,frame_extraido,dAQhNjwkOX8_frame_06059.jpg,06059,77
dWCQw_KvlYQ,23d2ed2cd2d1fbb066348e529810a2667279163459dc09c272604535e00d4bed,54744,reemplazo_manual,,,90
dy-drIboyNA,91915c1f08491ab52b6fb7cf8caebc8dcd224f727b1a46852f1bc95eba3e8af1,58957,reemplazo_manual,,,188
e3N5ZuHh7G0,35e1682a8f393c967c0ad3c72a0275486c7267647769ebd71a3addc6fdd342ee,49663,frame_extraido,e3N5ZuHh7G0_frame_04281.jpg,04281,63
eEfWd4EgH_s,ceaad80045e258847473a44d02e27038ab9d5951e26be22a3c7d322248390e5c,371640,frame_extraido,eEfWd4EgH_s_frame_10454.jpg,10454,101
eFQNwelGLhA,7b119f35febe1a329b81e2327132549d3010ba5961db78c699a359817d8e2a5a,402064,frame_extraido,eFQNwelGLhA_frame_07407.jpg,07407,73
ebngmAqbe-k,92d880b98fc751e6b0633813c6992ff0c170ad3d02d115abae76fbc62d3cc875,294178,frame_extraido,ebngmAqbe-k_frame_07249.jpg,07249,97
ec6j-MaOSUc,6df950c13f7e859f49aa19377d3f9015c50bccc64aee2ecb83b624682f08bbc9,296353,frame_extraido,ec6j-MaOSUc_frame_09951.jpg,09951,111
ekXdohpAy5U,ddf73fbcf243fe58d2e2ba08351b756aed07c8fc1a5564ebb9dd56c36a90428f,342720,frame_extraido,ekXdohpAy5U_frame_08092.jpg,08092,108
f5EJBUfGZtw,b5d6f61b3645468e2712c9d80163583e94244a9ae9a127897fd1841280d4c2d8,348863,frame_extraido,f5EJBUfGZtw_frame_07909.jpg,07909,102
fOgb0Es-lVs,e6655853ef5cc8b74a4450987b9e9f589790b363561358de9c8b7cd777d46d44,347061,frame_extraido,fOgb0Es-lVs_frame_10192.jpg,10192,119
fRv8sOUyhZw,04917ac2076d435cdbb1459c299d714c9c59a7e5a85a779932ca6f3d0cbf3f35,384582,frame_extraido,fRv8sOUyhZw_frame_09478.jpg,09478,125
fSV0u48sEVg,71ab1ae022dbc6800d96c84f83e363060c47be8f0b0a4ef0507baa8f3b003ccd,353228,frame_extraido,fSV0u48sEVg_frame_08622.jpg,08622,112
fTxvwVj02P0,df2a984ff2140626bef16acc9cadd70b4c8622a14e1b21de8f0b126bd40ed61d,458386,frame_extraido,fTxvwVj02P0_frame_07668.jpg,07668,88
fbzeoxxyzIw,4d9424f31b6038da4aaf3ebf201a64afe4e94c51594f5f05097ef87a6749a82d,307002,frame_extraido,fbzeoxxyzIw_frame_10526.jpg,10526,115
fppIOuRMI2g,8e00382f21d3f3e3caabdad38fad07b660386178df26ad9a2bd6b4385f6cee83,287067,frame_extraido,fppIOuRMI2g_frame_04841.jpg,04841,51
ftIdBG-UgFY,c3d4e17f7ebf0ab2bedcf9e2ec961c041a3aafdbe97e85bcac7628fb4cfe3e7f,399778,frame_extraido,ftIdBG-UgFY_frame_06551.jpg,06551,97
gD8pzUnXgsU,057aa75c49e2aa3981c942a84e536bef658b62d9de12b2686ba8e4e3633457db,64600,frame_extraido,gD8pzUnXgsU_frame_07607.jpg,07607,93
gYXqv1UxW3Y,32254fc9dfd15de1433bf0bafd0a1d7c94770bf5be57f73ba3baab343998c68a,329426,frame_extraido,gYXqv1UxW3Y_frame_23487.jpg,23487,114
gcgtLDB0cKA,f3322796fa2f8ddb2af0a58465322b0dfbe4f71d7cd3694e8267178d07356112,259876,frame_extraido,gcgtLDB0cKA_frame_04599.jpg,04599,65
gpWR5JBC64A,1c574b897a672e91163e1a9b753b07c368a8eb3301eef25ddfc400c766f4c9ff,283836,frame_extraido,gpWR5JBC64A_frame_11963.jpg,11963,133
gu54VVeDD10,481fff315c478666f3fb49d9927679e1782a70c62908830094e9242f1dae3953,289056,frame_extraido,gu54VVeDD10_frame_10300.jpg,10300,100
h0HE3bOEiMk,5146b8dff495ef54aa25e040849be8c1e57c0deee7daf3cc8f4fe86b6d808afe,55117,reemplazo_manual,,,111
hEB1J9-iOqs,f4674006416396b78c8300bebebc639dd4a6872125c2847a0d93f4f16c00c029,59691,reemplazo_manual,,,166
hFx0EF9KEZU,3a507b9589284f7c735d5b40a6b57c285e72036f913cc2c593336fcc5975c0a8,423751,frame_extraido,hFx0EF9KEZU_frame_09989.jpg,09989,103
hMK2NJ-q9nc,663a1fd936f59b17e3ae4ec26f26b4c236307738d3dfc4c26e5a9d4531b14b65,341947,frame_extraido,hMK2NJ-q9nc_frame_04076.jpg,04076,79
hbz63Ve-eIY,d2add0cc576fcf1b4538e9d04fe3f87ac4b0655765097f57db3e1df47d1d9f81,334611,frame_extraido,hbz63Ve-eIY_frame_12294.jpg,12294,118
hf9nMAG9XoU,db074e145bf18a421ea02245422e4d81d680e35b87043b923865b891b44dd72b,365153,frame_extraido,hf9nMAG9XoU_frame_13280.jpg,13280,128
hlVnmCfydIs,9aebb7df9403d475ba75cc6ddcb83c638826c4a6fabdae8bfe01d9719549cb14,279481,frame_extraido,hlVnmCfydIs_frame_06389.jpg,06389,73
hnMQFnTGr3I,1b8b718d9e499b60a61af9c801fdfd1edcff018b48deb81dcae291603006cee7,319033,frame_extraido,hnMQFnTGr3I_frame_07860.jpg,07860,76
hrhBOOrR5v0,7b64e4bdd3e6b5a9aaf0c377ca8fe765e4f80e3669d77ece335313d0a142ed4d,386938,frame_extraido,hrhBOOrR5v0_frame_11211.jpg,11211,130
i10a06IU4WQ,d7109bff7a914eb981f68617ee423c25c40200f816a460b12f5dc983ff18ea87,362717,frame_extraido,i10a06IU4WQ_frame_12993.jpg,12993,125
i4ueYgjVDCw,89d7cfa9a9f9cfaaa2dc6ccb2659bd55f09d0b6c2471e7c012859c3dd4ca1fdc,414396,frame_extraido,i4ueYgjVDCw_frame_08932.jpg,08932,87
iI0OQtXnWrs,81920151cf5846a0eee31f639afa55de60bf59be764cb2aca2e65303ef81fc0c,355474,reemplazo_manual,,,0
iKYvG5aiIn8,704ffd1192c500ff7e3d0c8b4a4c73d5bf3c24040d821f8f960a25ceb5d7d7f3,350771,frame_extraido,iKYvG5aiIn8_frame_07309.jpg,07309,79
iSkWd31X7zo,1b556f91d08d3a31c15234ca3847dbc5e66f04295c8ab7738d2aab12cb22a2d7,58262,reemplazo_manual,,,121
iWK0iRUi-b4,5c0b1f05dc29d1c8c9256ea64231e5c161e7abb006974c747b923addccfc9feb,432597,frame_extraido,iWK0iRUi-b4_frame_06893.jpg,06893,98
ihB2dRYLOOI,cb274eab0197c16c08dd14f8703263569d1024d9e0f93c78b5fd06d6fc3154d8,327551,frame_extraido,ihB2dRYLOOI_frame_16818.jpg,16818,94
illMCyp4O9A,89e164fa6b6c0f286700e80c6afe2cbae476c4da6ee506ae5b048be58773b85a,65872,reemplazo_manual,,,93
ilsJgwcAshE,221d2e7cdd7391e1bfea19b821307b2d7d777ed0dc6db8f7c2c7fccbe252f54a,383747,frame_extraido,ilsJgwcAshE_frame_09410.jpg,09410,91
irpARK1Tdo4,c38b24d1b72d9e18cf438d882468da98ff8474f22db5d124389228f8ace79146,210944,frame_extraido,irpARK1Tdo4_frame_05455.jpg,05455,74
iwDNnyiD26M,8eaf7ce82317564b467b9e91a215b834a0c5e5f25b57b8e4dffea8694b552904,64225,reemplazo_manual,,,114
iwZLadQ3XpY,5d637fc9427c3c15f0647d90e299a5c3b562bd477966c8c6489848dede2967f3,342772,frame_extraido,iwZLadQ3XpY_frame_09570.jpg,09570,108
j-lPgPGBTwQ,072a174e41544ebeda717f401ad33adce680473ce8b98ab4b70e203c0c03361e,358149,frame_extraido,j-lPgPGBTwQ_frame_07935.jpg,07935,83
j9OZ-7aCAyA,0dab6d50098c28cc19d4e249e4deea35c996e9ad121445fd04c52731c6a14de3,318453,frame_extraido,j9OZ-7aCAyA_frame_10349.jpg,10349,125
jBffL9zUCSE,05f4aca9df1eb3839e3c1023d32e435afef46dbe1140be4db5dbb440ecd3da76,313010,frame_extraido,jBffL9zUCSE_frame_06873.jpg,06873,68
jV8DwutbXbg,d8fc2ade7b39860bd645f76c7b3b39401427ccb8627ad884930e16e84cb0e51b,49711,reemplazo_manual,,,117
jg85DzUZ9Ac,32efa41fbc2ad93377f7eb001dc05f75c539bda5266a87f7c86ac58bf44db6af,367387,frame_extraido,jg85DzUZ9Ac_frame_09444.jpg,09444,91
jzKCg9Z5_8Q,46af704568cf73df15deca357175d858a0393d1850f4bacdb131e21a4c4f1651,363166,frame_extraido,jzKCg9Z5_8Q_frame_06996.jpg,06996,82
k7h0jpLcWdE,8f255c6936bbf90654e02dd0425ec5142f86e8aa9ccee430225c4ea5ed076c8a,52469,reemplazo_manual,,,96
k8nhRJTQ15I,a27cdcf6b5cf298f3c0eb7f7d176b4333129849b8e4adc22adc3970b5f03d994,383614,frame_extraido,k8nhRJTQ15I_frame_07335.jpg,07335,84
kD57QUn5myc,1791c5b23bdd0be99a1416e5e8141e9c97de8ddf0057f2192f2d38660517588a,68954,frame_extraido,kD57QUn5myc_frame_06294.jpg,06294,96
kHPGZOpbnok,b992d7936dd71055e68b89b32781eda8d32068072bcc42ff44f6c26e283688d7,340090,frame_extraido,kHPGZOpbnok_frame_07711.jpg,07711,77
kszaIJEnKPk,2fe0b3ba89ad0aaa92351719b76a4fc5409850f2b3e129fa85fca7dac59ab2b1,360721,frame_extraido,kszaIJEnKPk_frame_06294.jpg,06294,93
ktonI7J3kLY,52c2ccc2434258f6c41c6345401dcdc8257110ef446f6e07016d21aa5bbf7dcd,338191,frame_extraido,ktonI7J3kLY_frame_06512.jpg,06512,79
l0hlxVNmJPI,4bf45a0c8ed281365a160f22fe06f5fcc6edea2f0d51e5cbf3772b7bb176077b,68386,frame_extraido,l0hlxVNmJPI_frame_07588.jpg,07588,93
l0mvXogANE4,526bfc978e2c995e76e6f5bd0b01bb86797950227fa515ba35fc80a3b3b77de9,396328,frame_extraido,l0mvXogANE4_frame_07832.jpg,07832,96
l3f29v3IJGA,9bfdc007e89222208f3f5ce18747723684de9b1dd231e3c073a18ba8231d94db,58765,reemplazo_manual,,,123
lA0lAgN0hTI,5c9d092f30f8172379cac218d80d30f00d409952a467b4e628aa5931f2a13d35,73988,reemplazo_manual,,,181
lHM96P5kP2k,8798119bef8cbeb5a9fe661ebf3dcfa31fedf3e4fe5fe1f3255f5e2cfb981adc,342027,frame_extraido,lHM96P5kP2k_frame_09392.jpg,09392,97
lTSZT10JMQA,58e17c88a87b228955c090829ec4cc6fe46ee302f1704f50f8416bb90244e02a,334628,frame_extraido,lTSZT10JMQA_frame_10729.jpg,10729,130
lZoIkA_gf2w,f7d4dd21ec08607f696aaf9b879aaf915db80070c381a1c5ff5e6c0a00b4001b,287355,frame_extraido,lZoIkA_gf2w_frame_04560.jpg,04560,90
lcLw-Le_tXQ,2a196dba87d2ac579cb77b36ac06eec3bbd2e0766db1ac895729e627f4840112,63438,reemplazo_manual,,,79
lecbHMBD8KQ,2a141c9ff18c518a0dd802417f74fb3e5c13335ac9f06ccff6396132a42969ae,54656,reemplazo_manual,,,169
lkDq9g43djw,8f3f3ce5b6db4cd5a5fb7a99f42394941ea9b38cbce306e462f908f116c20af1,322538,frame_extraido,lkDq9g43djw_frame_07230.jpg,07230,79
m8CBJEyHKIM,7015ca87907d1795ff29dfec589999b4051b149daf66493b198aa1c49137bcdb,56259,reemplazo_manual,,,121
m8xtR3-ZQs8,de087b8aa7e48289c0670050be866c843c5e71c8a949020244e6a1f70d85faf0,61167,reemplazo_manual,,,159
mKZw29_UtoU,cb79e8ac2a3e6f1ae5bc97f9c98f59cd6b1ddbb5b32b1a109523c115a761e7b8,370385,frame_extraido,mKZw29_UtoU_frame_06145.jpg,06145,76
mT4KDGRgo4k,f60dbb1e44c805049824f7e0c3e784fb7b128496949f42ec8ffed2ad80051dad,352344,frame_extraido,mT4KDGRgo4k_frame_05994.jpg,05994,104
mZxF1IJEsaY,12a758656ac4b77b74576e8afd78dfbbe39eef494a7eff038470739226fcf4b4,422785,frame_extraido,mZxF1IJEsaY_frame_07565.jpg,07565,107
mmM_JnYygZM,423419e3ecdd86d03b7baa27ea608c8b75399c50c433c26ea44d8674479edf0c,360563,frame_extraido,mmM_JnYygZM_frame_15001.jpg,15001,145
mpgM2qeAfaQ,c612520c8f31b8ece192599aee8312670f80ed54afa00d4078a908c74a39ad6b,65390,reemplazo_manual,,,129
mq3XuoN0rUM,52eb0ced9f3ab542b15c51630cf4ac3f3267b81ce96b77d3507ce938cde3a819,51322,reemplazo_manual,,,118
mtZvA7ARepM,77a9a83684a0a144a6334f3c2634db06784c2b51db8306e88d1887167a04e41a,324836,frame_extraido,mtZvA7ARepM_frame_06713.jpg,06713,129
mxKhbU_ToMs,08040adbe2c4f3ef5f7152236083922ebd9aa76090790a58bb99d9b614e21ed3,64118,reemplazo_manual,,,73
nM-AkqNh7Yo,1a6bcb6f855ec0a539e707dba6ea19d84b5919ac389f975bda61335049d0b960,75302,reemplazo_manual,,,99
nPVkewp8-vo,8b32be5c883b4a522f0779dd47f82288235c2ae5a8e3e774b0e9276d9ffa037b,404415,frame_extraido,nPVkewp8-vo_frame_06659.jpg,06659,94
nflGdpwbf54,33461a6b28fe8f779ac0ddd2f070d3b41d9f6bdedcf9757498785dd7eab95df7,408936,frame_extraido,nflGdpwbf54_frame_08409.jpg,08409,87
npQWtmnuM6s,a041fb99d13f0ff7074ee42181af7f6a761b54b7a5bdd5a611f9db46d4bb6a7d,357262,frame_extraido,npQWtmnuM6s_frame_05488.jpg,05488,76
nt4lQx6tAI8,40bcec33312e549316e218c29fa9a679f560f184bd5212e43a62e94acbe3a883,389713,frame_extraido,nt4lQx6tAI8_frame_09266.jpg,09266,96
nvhG60gFbso,daabb20c316bafc7b3cd667df7ee449200fde22c9a8c4ae76475a8e99bfe9289,393809,frame_extraido,nvhG60gFbso_frame_06464.jpg,06464,86
o5TM9P8U6EY,3b2afc5db9839681f810f54ba4065a055d8b1fd78721e43169a2611e774ce7b0,376298,frame_extraido,o5TM9P8U6EY_frame_05994.jpg,05994,104
o7sKra5MeZE,18c83289e8e2163e2f481d2bcf58ac63eecc24a56bbdfdbb9b02be8031abe179,266703,frame_extraido,o7sKra5MeZE_frame_07971.jpg,07971,108
oDLUTgEn2gc,18767ce286123a4335d086fe0d736fc85c510bec3e6de87510ba4944c29f3511,332223,frame_extraido,oDLUTgEn2gc_frame_14885.jpg,14885,84
oEmuI32GYww,ab1d6b5bc5e5a14bf1253f396dd31cc92f4b74ab677e5129269d7baab8d5e43a,392228,frame_extraido,oEmuI32GYww_frame_10091.jpg,10091,97
oOeJno-z6XA,e90ad1125ac545465587186ac330c257aa545f101c23f7bc54c737a4ad2735ab,374279,frame_extraido,oOeJno-z6XA_frame_14239.jpg,14239,139
oTtPNgcZ05I,eb77c4848b92b6eb4499b04da6ff855b4521995225fbfa8ffee5dc01fd4d68ec,349388,frame_extraido,oTtPNgcZ05I_frame_05694.jpg,05694,93
ooVtAAoSH2k,cfcd34e84ddbea69f1f34a7c6abddbe37c04af0aebe4a97c1a69de8c2b93bf30,64691,frame_extraido,ooVtAAoSH2k_frame_06368.jpg,06368,69
pCZ0bxgBL5c,6940b8d06cee1a73a01ee7449bdd276ee5e588b0fe1f147fa736b19a559ccab0,55708,reemplazo_manual,,,62
pZ7Lr94noLo,01ba8c8125612d3b5da67a5fe2e01e5dd428f02e81653ebeec9ec40f51071d67,381564,frame_extraido,pZ7Lr94noLo_frame_09769.jpg,09769,104
phN08pi3YzY,78323570b28e516ce37eceeb96bef1421443eaad1cec2ba1ee764ad379c4aa8a,330501,frame_extraido,phN08pi3YzY_frame_09452.jpg,09452,101
pk5yddJpC_8,4f0f3446213408b912f985d7040cac6a51f95419aa4d098b1afe7bf3bc072cca,340000,frame_extraido,pk5yddJpC_8_frame_05569.jpg,05569,58
plce6pRdx6o,b716857f4e2fa0579ada0c950ed3cc9a3be312661c6b00bd66c448ff9054f692,75454,reemplazo_manual,,,123
pwxhclKcMas,518f8c822a5c162ef1594f1a840711288412e7fbeaf5996482d68193ffa108f4,55477,frame_extraido,pwxhclKcMas_frame_07193.jpg,07193,118
q7nwPQ7XLJI,3f5ca290cc75f798a1aa4e4b20c91cb924c9c3854bb365989624ddb6e97f8163,201819,frame_extraido,q7nwPQ7XLJI_frame_07104.jpg,07104,100
qIO_54vJ_JI,c8bc302614728c29d5b735b008a3d0295884e75fa303edb88f9858b5adc4b6e7,354312,frame_extraido,qIO_54vJ_JI_frame_09258.jpg,09258,97
qL3hDtrTeLs,a4478a8667889adcbb3d64244c80e0742455262283635c72241cecc8a4d751e9,445297,frame_extraido,qL3hDtrTeLs_frame_10994.jpg,10994,105
qN5-v4NlKac,9d307fdbe1c8e10fcc2be17cf9e32adda1fcb4a7b413ac23ed719150bb019aa4,350679,frame_extraido,qN5-v4NlKac_frame_07205.jpg,07205,91
q_5U7z_vNug,c0a7241e988bb22cddc22098643060072c1945632d5783b14e98877f82deddea,374026,frame_extraido,q_5U7z_vNug_frame_08514.jpg,08514,90
qgW8LQ8iBuA,98ca9a3fb50aa4e2cdb89f5cd1ab442ad72b8925621947654fe0470e4e00b3a3,404700,frame_extraido,qgW8LQ8iBuA_frame_03117.jpg,03117,68
qi017F1UwvM,f92a97c7ab863275f2d5ee841b5a6e86ba2c3754a3afb1d82edce8bc788b39e8,304419,frame_extraido,qi017F1UwvM_frame_07032.jpg,07032,98
qv9q0sFt6aY,6ecb352b099ba8a94ae0828a251d535f10a701f265de9304c76053b64740d59c,446208,frame_extraido,qv9q0sFt6aY_frame_08849.jpg,08849,95
r2xfxJ-sXMY,4f804a2c0b1a1aaac4367ccb607c54d67e297245261c2836477d7931ea39daca,57232,reemplazo_manual,,,120
r3g1Nym-ebY,a20da32bde7a6d560fe8e72b46f49397087d19df156728f0fa5cff8afae22f3f,353519,frame_extraido,r3g1Nym-ebY_frame_10708.jpg,10708,110
rHLuQTO6eoo,268a951ea3c56ca9ea25b45c8e05820be46b7282b96aa70ee492d65eaf6d7bab,353242,frame_extraido,rHLuQTO6eoo_frame_09077.jpg,09077,110
rPGLNw1cOGM,149ca8577040d528e731d5cee63438a1aeb41fb0ee6c3d50b1df0550e5c4078b,329595,frame_extraido,rPGLNw1cOGM_frame_07613.jpg,07613,79
rRvy5Fbei1s,03326c32ea0da68a7a6228c01228426d91707e44952823eaf7633bbf754b79fc,324875,frame_extraido,rRvy5Fbei1s_frame_04316.jpg,04316,80
rsZjU5g_yXI,d8ad15714e27aae98a55dd7b34c11e93e2a1429f8726948e689b165117e972f6,374211,frame_extraido,rsZjU5g_yXI_frame_07534.jpg,07534,101
ruOhUEooJH0,c2b76711baa757024804378322f8b586355f7571d497cc4f1988ca5a124c2f8f,460042,frame_extraido,ruOhUEooJH0_frame_08413.jpg,08413,83
s4eerNhXf84,1a98bf8518ce556c05e3cf9e9e008d88690fc267c0abed508bece507f03e484c,324229,frame_extraido,s4eerNhXf84_frame_06434.jpg,06434,87
sKksbPPDznM,e7a7b77d1c7d16bded0d17e358a6b5ac1ed7a2806f43c84e963695be6cf74172,58212,frame_extraido,sKksbPPDznM_frame_08501.jpg,08501,116
sQsAGl7mSQs,0f54e277f6835c2919a71d81b7aaef94e6bdde6f7e2645d3c9f22a2dcdeace72,404907,frame_extraido,sQsAGl7mSQs_frame_08832.jpg,08832,97
sSa4ikC8-Jc,7a94e480534af1f1657b7fe567f3dd9a7bf3f08e72bd7d7225a63c044051cf56,65081,frame_extraido,sSa4ikC8-Jc_frame_09890.jpg,09890,129
sZ71VEVb9RU,3c7fc7b77061c48aefde652f3dbec147510ca36227d40a06e03eb82ee8443deb,275463,frame_extraido,sZ71VEVb9RU_frame_08438.jpg,08438,105
sezX7CSbXTg,c47b9a6f670a99585a5c56c8d971bf73e0de535b58ffc8340df2a08acea124c0,352053,frame_extraido,sezX7CSbXTg_frame_15438.jpg,15438,147
sngtHh1iVaY,de68535628744849172ddabe099c305937d5ad5d9de00d634a3b153b6f25d64f,370094,frame_extraido,sngtHh1iVaY_frame_08880.jpg,08880,157
t8JCvcnFX10,c01a84ddfd243ee1a285b8bbdd02fe470a01268dfff7fd72434ff0baea0ee550,374050,frame_extraido,t8JCvcnFX10_frame_06619.jpg,06619,84
tBavPTWewvI,a9cb4d5cc916dfcf0914d79cc13bba5216f744b204038f7a5fefbd3d3a9cce57,324284,frame_extraido,tBavPTWewvI_frame_08903.jpg,08903,87
tTQ36qQF_vA,b6dce61801141e7c9eb5e01b3dd651035b730b0899544a5f9ff67f977a71f439,286247,frame_extraido,tTQ36qQF_vA_frame_17759.jpg,17759,88
tVjrkpjWG5o,243f47085f5afe1b97ab34e6ead0751a4da66ca1d2ecdc17368ebd04698797b5,293047,frame_extraido,tVjrkpjWG5o_frame_17913.jpg,17913,101
twsGnp2X-aQ,81e46388c661784829d26455f078489ddb90dff362e9c02a6bcfb12a4712f8b9,338237,frame_extraido,twsGnp2X-aQ_frame_08392.jpg,08392,101
u3ZwnulzLnU,737a3f2138af4206d61a1144e8af898ab99d3266ee5a243db84f148ceef04e2f,349929,frame_extraido,u3ZwnulzLnU_frame_09383.jpg,09383,91
u5AT15mgbHk,369cc0f1ce92712b1f81c4663ffaac787f2b16271cfc792a1049244ad9558c5c,268777,frame_extraido,u5AT15mgbHk_frame_20829.jpg,20829,101
u9DZRkJxvWo,64629604f8268f999638c3659dd7c82ff12dc1b662b29bb6564bd2372c3fb5b1,49167,reemplazo_manual,,,104
uBiaWJbTRsE,cd966dbd9a77a4953c63c4714a9b67f807a95af62efdb910d10a408b9371652c,369259,frame_extraido,uBiaWJbTRsE_frame_08191.jpg,08191,84
uMX94Mn9u-4,7a1f0e0dbfdaa5512ad100f6c33fa461c7417c272cdbcaa3c50809c02c9b78d0,437857,frame_extraido,uMX94Mn9u-4_frame_09746.jpg,09746,94
uNAmsoLed1E,6c7a74601df88584e2eac647e962c1019ebdfc67bc132323bedf3e5d4efca241,58299,frame_extraido,uNAmsoLed1E_frame_08690.jpg,08690,105
uOSpWdAyrZo,ee69e2aeccaf991a6696a7f138083eeb14eaca849596f7567a9f734277840b72,376634,frame_extraido,uOSpWdAyrZo_frame_09055.jpg,09055,89
uQFtb0iMC_s,1d1bb5e5c88baa051e0dda84da6b0e42da83271309bc68e7f6e07b180f0d54e6,59193,frame_extraido,uQFtb0iMC_s_frame_08034.jpg,08034,105
uWUAcc68MWI,7fb70f3e0d98deaa96b0ea5741a00d58420423a7d770109f1c098852b7431655,372323,frame_extraido,uWUAcc68MWI_frame_08861.jpg,08861,87
uda9s3U7vFw,c74616093c90497e501b075457c8d0445357fc42453712c9a58441726a7ca568,62069,reemplazo_manual,,,81
uhrheMJTV4A,358f2f1fc19a3b3a8a1ba21e4da41acb6c3096381da1de4f78d485cd99c9683f,407434,frame_extraido,uhrheMJTV4A_frame_06715.jpg,06715,90
ulTevtklPHI,576f7e1bc09ede5f409575199469d99fdd97c1b4ff3e49eaeda557f36a6eef93,343251,frame_extraido,ulTevtklPHI_frame_08837.jpg,08837,125
unF9tdYjqvU,270b6543f8a41aa245a6b26ad6d31e2209e024b077826d143ed05ca26a5a5052,388833,frame_extraido,unF9tdYjqvU_frame_07315.jpg,07315,73
unFVfqj9cQ8,0a43c6a34978b7d02e1519a863e8a8f057df12f8f507ca0329afe506544b7c43,289010,frame_extraido,unFVfqj9cQ8_frame_09163.jpg,09163,93
vQgUkn3rAMY,7b4c3d02b65e4f0b987594b40d7d01d959fe1058b54702cec321c89dfd2125da,280595,frame_extraido,vQgUkn3rAMY_frame_08732.jpg,08732,108
vb-o1DvvHxk,9f07ff70ab2aceabcc4c5b4b367e74074835495d83ed631db01402b5074907f0,386554,frame_extraido,vb-o1DvvHxk_frame_07815.jpg,07815,98
vdujJAab1LM,8727bc50642a8e773507ef21d5b77481062677921a5b582d6e76a33beeb61592,56706,reemplazo_manual,,,75
vp2Ipv2_uCg,26b84245ca67aec83523c6a379370fd3db21562dd5ebb8d8af1f1627af717b07,73286,reemplazo_manual,,,99
vp8oPiHN4cA,7821e59194606a0576bd3a25dcebc12f27548cae4aadd69a74958d0863cde018,371850,frame_extraido,vp8oPiHN4cA_frame_08051.jpg,08051,79
vr00Jg_G6qs,c782cd7800397f75cb0be1c7b7feeb8c114d6cb20b0356c6b0217778e80a6be1,388253,frame_extraido,vr00Jg_G6qs_frame_06861.jpg,06861,69
w-qGSyzDL6g,804ad006300e47e6e02bfb7de1c91c403c6d06b39c04462dc666b55d8212f575,360922,frame_extraido,w-qGSyzDL6g_frame_07012.jpg,07012,83
wE3TmHxyRdA,92c6dfce3bfdcc6791231d232052b141f80d84dec4167e6d48e3d524297cee9d,315330,frame_extraido,wE3TmHxyRdA_frame_09133.jpg,09133,114
wbh51O3QrE4,a5510dc0a465bc658303f14746cb8b7ca87d1f4cebca5b146b82d4f5cd149ff6,355034,frame_extraido,wbh51O3QrE4_frame_06419.jpg,06419,80
weT3nKnOFDg,c40c61297f9eacde14eb4bfeda66b57568fb01cef081f4799473103df27cced9,393562,frame_extraido,weT3nKnOFDg_frame_08790.jpg,08790,109
wjtSHyENv0I,e55b79628114331fb1ff7a480df13266a939a712d155762088d749e328698072,315481,frame_extraido,wjtSHyENv0I_frame_06807.jpg,06807,74
wtl7CrSQnHA,ae4768c297c130f8447323764288a013f71249137fcd243b62ff369ff16f32d2,363497,frame_extraido,wtl7CrSQnHA_frame_05694.jpg,05694,83
ww5fiygF6eg,f4b0942c9fc8dd7529d22a4a9dc8ba7afe257944ed9d815e568babf594612844,330913,frame_extraido,ww5fiygF6eg_frame_05954.jpg,05954,65
wzGYJ6BB0iY,33ac754a765f286f8399f1b4b30944fa4692b27d45952283f4c80ff5ea5ba958,60616,reemplazo_manual,,,119
wzj2VQutJws,93ec6b8f50654706952398c32c02ceb34985bebf7e8072480284604c255dc463,69926,reemplazo_manual,,,92
x76BIV88j_M,672134b30f564fd94fa7bfcf0b4128ff165f6b60e87cf1ffde3fa81ff2c6a9ea,373062,frame_extraido,x76BIV88j_M_frame_06383.jpg,06383,90
xKaPAihW_gE,d5edc876312b7a8d03b35db0d3b86f6552acf28ec1cc15c69554b24590d99b50,61116,frame_extraido,xKaPAihW_gE_frame_07264.jpg,07264,89
yPJf85tjv6M,6ac6900c03889954eebbac19e7fca4df7c7883a61e2bc3524e855d9d5fde2690,345837,frame_extraido,yPJf85tjv6M_frame_09463.jpg,09463,95
yPV-3vjHshk,814509fe4328abdc567b21f8d444c9abb0f756e4206c589b2d2dffc3adff0c73,344253,frame_extraido,yPV-3vjHshk_frame_05418.jpg,05418,79
yVgxqT1vikk,82ebed1859660aed8f6dea437ba77ef66ed207834774e87019eab4c0be8cd3d5,60937,frame_extraido,yVgxqT1vikk_frame_08050.jpg,08050,98
yXpd8gPfows,bc48b7bdff9e77e2f8e11670398513a3d4a529165a4a00da1d7651fc3df89c84,329678,frame_extraido,yXpd8gPfows_frame_07370.jpg,07370,83
ym_Gz_zH7w8,d92e5d8f0912c0be4db6883c79b75dd6634d2544bb2199d2877c9939b618c97e,467437,frame_extraido,ym_Gz_zH7w8_frame_08244.jpg,08244,101
z0mv2XFR1SI,a8b498339d5a406fd40aa79f315862d8acfb9e571eef8fbf0a5cc4c5d2f2103e,446008,frame_extraido,z0mv2XFR1SI_frame_09875.jpg,09875,100
zQp8fwTBmNU,86015475fad4b1192a9a3ce36ac99a7ad97de48d7926db64625b310cd1b5e1c7,299261,frame_extraido,zQp8fwTBmNU_frame_12900.jpg,12900,124
zhCNn7v7mvs,d3b8a174fe0f67de7eb4333c748e3d8a35e3beb9290f9392c6a14163c3afcf6e,335523,frame_extraido,zhCNn7v7mvs_frame_07862.jpg,07862,98
zmJ7rL1iQBY,ed87135ebff0b91710b6ee86642c1b8ccb2d2f4938bf7e0f3660f94db7224e5f,46254,reemplazo_manual,,,128
zqiNLMmEeSo,2a65981d86e3b5ca97fba48c41067b25e630c1fe3c7ed5312346428756587ac6,407971,frame_extraido,zqiNLMmEeSo_frame_08428.jpg,08428,83
zr3Kib0i-OQ,0b49aeb196335aa12006f9c0b163d0ee9f651284ac42085cfdc960923b64d2c1,57293,reemplazo_manual,,,106
